tick,timestamp,speed_ms,location_x,location_y,control_mode,collision,lane_invasion,is_avoiding
1,0.008881568908691406,2.44,-74.62,-92.62,autopilot,False,False,False
2,0.02947545051574707,2.5,-74.62,-92.68,autopilot,False,False,False
3,0.049932241439819336,2.55,-74.62,-92.74,autopilot,False,False,False
4,0.07159590721130371,2.6,-74.62,-92.79,autopilot,False,False,False
5,0.09575414657592773,2.65,-74.62,-92.85,autopilot,False,False,False
6,0.11756300926208496,2.7,-74.62,-92.92,autopilot,False,False,False
7,0.1398625373840332,2.76,-74.62,-92.98,autopilot,False,False,False
8,0.16225433349609375,2.81,-74.62,-93.04,autopilot,False,False,False
9,0.18267297744750977,2.85,-74.62,-93.1,autopilot,False,False,False
10,0.20319294929504395,2.9,-74.62,-93.15,autopilot,False,False,False
11,0.223771333694458,2.95,-74.62,-93.22,autopilot,False,False,False
12,0.24536657333374023,2.99,-74.62,-93.28,autopilot,False,False,False
13,0.2679429054260254,3.05,-74.62,-93.35,autopilot,False,False,False
14,0.2899296283721924,3.09,-74.62,-93.42,autopilot,False,False,False
15,0.3111989498138428,3.14,-74.62,-93.48,autopilot,False,False,False
16,0.3329775333404541,3.19,-74.62,-93.55,autopilot,False,False,False
17,0.35440683364868164,3.24,-74.62,-93.62,autopilot,False,False,False
18,0.3752009868621826,3.28,-74.62,-93.69,autopilot,False,False,False
19,0.3976428508758545,3.33,-74.62,-93.76,autopilot,False,False,False
20,0.4179880619049072,3.38,-74.62,-93.83,autopilot,False,False,False
21,0.43976449966430664,3.43,-74.62,-93.9,autopilot,False,False,False
22,0.4603447914123535,3.47,-74.62,-93.98,autopilot,False,False,False
23,0.4806981086730957,3.52,-74.62,-94.05,autopilot,False,False,False
24,0.5015878677368164,3.56,-74.62,-94.12,autopilot,False,False,False
25,0.522465705871582,3.61,-74.62,-94.2,autopilot,False,False,False
26,0.5434374809265137,3.65,-74.62,-94.27,autopilot,False,False,False
27,0.564673662185669,3.7,-74.62,-94.35,autopilot,False,False,False
28,0.5854005813598633,3.75,-74.62,-94.43,autopilot,False,False,False
29,0.607877254486084,3.79,-74.62,-94.51,autopilot,False,False,False
30,0.629225492477417,3.84,-74.62,-94.59,autopilot,False,False,False
31,0.6503567695617676,3.89,-74.62,-94.68,autopilot,False,False,False
32,0.6716518402099609,3.93,-74.62,-94.76,autopilot,False,False,False
33,0.6933145523071289,3.98,-74.62,-94.84,autopilot,False,False,False
34,0.7150235176086426,4.02,-74.62,-94.93,autopilot,False,False,False
35,0.7365899085998535,4.07,-74.62,-95.02,autopilot,False,False,False
36,0.7585699558258057,4.11,-74.62,-95.11,autopilot,False,False,False
37,0.7788455486297607,4.15,-74.62,-95.19,autopilot,False,False,False
38,0.7991809844970703,4.19,-74.63,-95.28,autopilot,False,False,False
39,0.8208341598510742,4.23,-74.63,-95.37,autopilot,False,False,False
40,0.842684268951416,4.27,-74.63,-95.46,autopilot,False,False,False
41,0.8642897605895996,4.31,-74.63,-95.56,autopilot,False,False,False
42,0.885840654373169,4.35,-74.63,-95.65,autopilot,False,False,False
43,0.9062750339508057,4.38,-74.63,-95.74,autopilot,False,False,False
44,0.927405834197998,4.41,-74.63,-95.83,autopilot,False,False,False
45,0.9484767913818359,4.44,-74.63,-95.92,autopilot,False,False,False
46,0.9708335399627686,4.47,-74.63,-96.02,autopilot,False,False,False
47,0.992999792098999,4.5,-74.63,-96.12,autopilot,False,False,False
48,1.014291763305664,4.52,-74.63,-96.22,autopilot,False,False,False
49,1.0358731746673584,4.55,-74.63,-96.32,autopilot,False,False,False
50,1.0567796230316162,4.57,-74.63,-96.41,autopilot,False,False,False
51,1.0775277614593506,4.59,-74.63,-96.51,autopilot,False,False,False
52,1.0983123779296875,4.61,-74.63,-96.6,autopilot,False,False,False
53,1.1192398071289062,4.63,-74.63,-96.7,autopilot,False,False,False
54,1.1402218341827393,4.64,-74.63,-96.8,autopilot,False,False,False
55,1.1609175205230713,4.66,-74.63,-96.89,autopilot,False,False,False
56,1.1817097663879395,4.67,-74.63,-96.99,autopilot,False,False,False
57,1.2036030292510986,4.68,-74.63,-97.09,autopilot,False,False,False
58,1.2257053852081299,4.7,-74.63,-97.2,autopilot,False,False,False
59,1.2468669414520264,4.71,-74.63,-97.3,autopilot,False,False,False
60,1.268498420715332,4.72,-74.63,-97.4,autopilot,False,False,False
61,1.2899680137634277,4.73,-74.63,-97.5,autopilot,False,False,False
62,1.3110218048095703,4.74,-74.63,-97.6,autopilot,False,False,False
63,1.3335447311401367,4.74,-74.63,-97.7,autopilot,False,False,False
64,1.355865240097046,4.75,-74.63,-97.81,autopilot,False,False,False
65,1.3771686553955078,4.76,-74.63,-97.91,autopilot,False,False,False
66,1.3981454372406006,4.76,-74.63,-98.01,autopilot,False,False,False
67,1.418647289276123,4.77,-74.63,-98.11,autopilot,False,False,False
68,1.438974142074585,4.77,-74.63,-98.21,autopilot,False,False,False
69,1.4593942165374756,4.78,-74.63,-98.3,autopilot,False,False,False
70,1.4802050590515137,4.78,-74.63,-98.4,autopilot,False,False,False
71,1.5006279945373535,4.78,-74.63,-98.5,autopilot,False,False,False
72,1.5377163887023926,4.79,-74.63,-98.6,autopilot,False,False,False
73,1.5597262382507324,4.79,-74.63,-98.78,autopilot,False,False,False
74,1.5815653800964355,4.79,-74.63,-98.89,autopilot,False,False,False
75,1.6031460762023926,4.8,-74.64,-98.99,autopilot,False,False,False
76,1.6240320205688477,4.8,-74.64,-99.09,autopilot,False,False,False
77,1.6451466083526611,4.8,-74.64,-99.19,autopilot,False,False,False
78,1.6662342548370361,4.8,-74.64,-99.29,autopilot,False,False,False
79,1.6885907649993896,4.8,-74.64,-99.4,autopilot,False,False,False
80,1.7104644775390625,4.8,-74.64,-99.51,autopilot,False,False,False
81,1.7315280437469482,4.8,-74.64,-99.61,autopilot,False,False,False
82,1.7535161972045898,4.8,-74.64,-99.71,autopilot,False,False,False
83,1.7750070095062256,4.81,-74.64,-99.82,autopilot,False,False,False
84,1.7967839241027832,4.81,-74.64,-99.92,autopilot,False,False,False
85,1.8175103664398193,4.81,-74.64,-100.02,autopilot,False,False,False
86,1.8380751609802246,4.81,-74.64,-100.12,autopilot,False,False,False
87,1.8586390018463135,4.81,-74.64,-100.22,autopilot,False,False,False
88,1.879929780960083,4.81,-74.64,-100.32,autopilot,False,False,False
89,1.9011104106903076,4.81,-74.64,-100.42,autopilot,False,False,False
90,1.92169189453125,4.81,-74.64,-100.52,autopilot,False,False,False
91,1.943701982498169,4.81,-74.64,-100.63,autopilot,False,False,False
92,1.9644274711608887,4.81,-74.64,-100.73,autopilot,False,False,False
93,1.9869449138641357,4.81,-74.64,-100.84,autopilot,False,False,False
94,2.007997989654541,4.81,-74.64,-100.94,autopilot,False,False,False
95,2.028533458709717,4.81,-74.64,-101.04,autopilot,False,False,False
96,2.0506935119628906,4.81,-74.64,-101.14,autopilot,False,False,False
97,2.0724568367004395,4.81,-74.64,-101.25,autopilot,False,False,False
98,2.092884063720703,4.81,-74.64,-101.35,autopilot,False,False,False
99,2.1152312755584717,4.81,-74.64,-101.45,autopilot,False,False,False
100,2.136029005050659,4.81,-74.64,-101.55,autopilot,False,False,False
101,2.1583523750305176,4.81,-74.64,-101.66,autopilot,False,False,False
102,2.1788599491119385,4.81,-74.64,-101.76,autopilot,False,False,False
103,2.2000296115875244,4.81,-74.64,-101.86,autopilot,False,False,False
104,2.2216055393218994,4.81,-74.64,-101.95,autopilot,False,False,False
105,2.2447099685668945,4.81,-74.64,-102.07,autopilot,False,False,False
106,2.26542067527771,4.81,-74.64,-102.17,autopilot,False,False,False
107,2.2874999046325684,4.81,-74.64,-102.28,autopilot,False,False,False
108,2.3098671436309814,4.81,-74.64,-102.39,autopilot,False,False,False
109,2.3331058025360107,4.81,-74.64,-102.49,autopilot,False,False,False
110,2.3556158542633057,4.81,-74.64,-102.6,autopilot,False,False,False
111,2.3762872219085693,4.81,-74.65,-102.71,autopilot,False,False,False
112,2.397876024246216,4.81,-74.65,-102.81,autopilot,False,False,False
113,2.418954849243164,4.81,-74.65,-102.91,autopilot,False,False,False
114,2.441526412963867,4.81,-74.65,-103.02,autopilot,False,False,False
115,2.4622690677642822,4.81,-74.65,-103.12,autopilot,False,False,False
116,2.4846229553222656,4.81,-74.65,-103.23,autopilot,False,False,False
117,2.5068359375,4.81,-74.65,-103.33,autopilot,False,False,False
118,2.5288448333740234,4.81,-74.65,-103.44,autopilot,False,False,False
119,2.5501208305358887,4.81,-74.65,-103.54,autopilot,False,False,False
120,2.5709102153778076,4.81,-74.65,-103.64,autopilot,False,False,False
121,2.5911366939544678,4.81,-74.65,-103.74,autopilot,False,False,False
122,2.611964702606201,4.81,-74.65,-103.84,autopilot,False,False,False
123,2.6325666904449463,4.81,-74.65,-103.94,autopilot,False,False,False
124,2.6529338359832764,4.81,-74.65,-104.04,autopilot,False,False,False
125,2.673295736312866,4.81,-74.65,-104.13,autopilot,False,False,False
126,2.695371389389038,4.81,-74.65,-104.24,autopilot,False,False,False
127,2.717588424682617,4.81,-74.65,-104.35,autopilot,False,False,False
128,2.738307476043701,4.81,-74.65,-104.44,autopilot,False,False,False
129,2.760784149169922,4.81,-74.65,-104.55,autopilot,False,False,False
130,2.781170606613159,4.81,-74.65,-104.65,autopilot,False,False,False
131,2.8015313148498535,4.81,-74.65,-104.75,autopilot,False,False,False
132,2.824044942855835,4.81,-74.65,-104.86,autopilot,False,False,False
133,2.844298839569092,4.81,-74.65,-104.96,autopilot,False,False,False
134,2.8664541244506836,4.81,-74.65,-105.06,autopilot,False,False,False
135,2.888725757598877,4.81,-74.65,-105.17,autopilot,False,False,False
136,2.9107954502105713,4.81,-74.65,-105.28,autopilot,False,False,False
137,2.9322381019592285,4.81,-74.65,-105.38,autopilot,False,False,False
138,2.952744960784912,4.81,-74.65,-105.48,autopilot,False,False,False
139,2.9744033813476562,4.81,-74.65,-105.58,autopilot,False,False,False
140,2.9959118366241455,4.81,-74.65,-105.69,autopilot,False,False,False
141,3.017204999923706,4.81,-74.65,-105.79,autopilot,False,False,False
142,3.038320302963257,4.81,-74.65,-105.89,autopilot,False,False,False
143,3.0598278045654297,4.81,-74.65,-105.99,autopilot,False,False,False
144,3.0809543132781982,4.81,-74.65,-106.09,autopilot,False,False,False
145,3.1020121574401855,4.81,-74.65,-106.19,autopilot,False,False,False
146,3.12284779548645,4.81,-74.66,-106.29,autopilot,False,False,False
147,3.144620656967163,4.81,-74.66,-106.4,autopilot,False,False,False
148,3.165649652481079,4.81,-74.66,-106.49,autopilot,False,False,False
149,3.187570810317993,4.81,-74.66,-106.61,autopilot,False,False,False
150,3.2093849182128906,4.81,-74.66,-106.7,autopilot,False,False,False
151,3.2305915355682373,4.81,-74.66,-106.81,autopilot,False,False,False
152,3.2512776851654053,4.81,-74.66,-106.91,autopilot,False,False,False
153,3.272690534591675,4.81,-74.66,-107.01,autopilot,False,False,False
154,3.2949349880218506,4.81,-74.66,-107.12,autopilot,False,False,False
155,3.3165388107299805,4.81,-74.66,-107.23,autopilot,False,False,False
156,3.3387415409088135,4.81,-74.66,-107.33,autopilot,False,False,False
157,3.3593828678131104,4.81,-74.66,-107.43,autopilot,False,False,False
158,3.3810555934906006,4.81,-74.66,-107.53,autopilot,False,False,False
159,3.4023377895355225,4.81,-74.66,-107.64,autopilot,False,False,False
160,3.4239296913146973,4.81,-74.66,-107.74,autopilot,False,False,False
161,3.444934844970703,4.81,-74.66,-107.84,autopilot,False,False,False
162,3.466330051422119,4.81,-74.66,-107.95,autopilot,False,False,False
163,3.4871037006378174,4.81,-74.66,-108.05,autopilot,False,False,False
164,3.5079987049102783,4.81,-74.66,-108.15,autopilot,False,False,False
165,3.5287282466888428,4.81,-74.66,-108.25,autopilot,False,False,False
166,3.549680233001709,4.81,-74.66,-108.35,autopilot,False,False,False
167,3.570761203765869,4.81,-74.66,-108.45,autopilot,False,False,False
168,3.5926156044006348,4.81,-74.66,-108.55,autopilot,False,False,False
169,3.6139588356018066,4.81,-74.66,-108.65,autopilot,False,False,False
170,3.6343464851379395,4.81,-74.66,-108.75,autopilot,False,False,False
171,3.6566903591156006,4.81,-74.66,-108.86,autopilot,False,False,False
172,3.6776974201202393,4.81,-74.66,-108.96,autopilot,False,False,False
173,3.7007455825805664,4.81,-74.66,-109.06,autopilot,False,False,False
174,3.7217729091644287,4.81,-74.66,-109.17,autopilot,False,False,False
175,3.7429771423339844,4.81,-74.66,-109.27,autopilot,False,False,False
176,3.7636213302612305,4.81,-74.66,-109.37,autopilot,False,False,False
177,3.784113883972168,4.81,-74.66,-109.47,autopilot,False,False,False
178,3.8045918941497803,4.81,-74.66,-109.57,autopilot,False,False,False
179,3.826134204864502,4.81,-74.66,-109.67,autopilot,False,False,False
180,3.84840989112854,4.81,-74.66,-109.78,autopilot,False,False,False
181,3.8705668449401855,4.81,-74.67,-109.89,autopilot,False,False,False
182,3.89267635345459,4.81,-74.67,-109.99,autopilot,False,False,False
183,3.913393259048462,4.81,-74.67,-110.09,autopilot,False,False,False
184,3.9341979026794434,4.81,-74.67,-110.19,autopilot,False,False,False
185,3.9547088146209717,4.81,-74.67,-110.29,autopilot,False,False,False
186,3.9763894081115723,4.81,-74.67,-110.4,autopilot,False,False,False
187,3.997412919998169,4.81,-74.67,-110.5,autopilot,False,False,False
188,4.018570899963379,4.81,-74.67,-110.6,autopilot,False,False,False
189,4.040021181106567,4.81,-74.67,-110.7,autopilot,False,False,False
190,4.061653137207031,4.81,-74.67,-110.81,autopilot,False,False,False
191,4.083628177642822,4.81,-74.67,-110.91,autopilot,False,False,False
192,4.10554838180542,4.81,-74.67,-111.01,autopilot,False,False,False
193,4.128032922744751,4.81,-74.67,-111.13,autopilot,False,False,False
194,4.148919343948364,4.81,-74.67,-111.23,autopilot,False,False,False
195,4.171297311782837,4.81,-74.67,-111.33,autopilot,False,False,False
196,4.191998720169067,4.79,-74.67,-111.43,autopilot,False,False,False
197,4.213890075683594,4.75,-74.67,-111.54,autopilot,False,False,False
198,4.235529661178589,4.7,-74.67,-111.64,autopilot,False,False,False
199,4.2574896812438965,4.61,-74.67,-111.74,autopilot,False,False,False
200,4.279403448104858,4.51,-74.67,-111.84,autopilot,False,False,False
201,4.300665616989136,4.39,-74.67,-111.94,autopilot,False,False,False
202,4.3227715492248535,4.26,-74.67,-112.03,autopilot,False,False,False
203,4.3437275886535645,4.11,-74.67,-112.12,autopilot,False,False,False
204,4.36527419090271,3.95,-74.67,-112.21,autopilot,False,False,False
205,4.386098146438599,3.81,-74.67,-112.29,autopilot,False,False,False
206,4.407857179641724,3.67,-74.67,-112.37,autopilot,False,False,False
207,4.428552627563477,3.55,-74.67,-112.44,autopilot,False,False,False
208,4.449254512786865,3.43,-74.67,-112.51,autopilot,False,False,False
209,4.4708709716796875,3.32,-74.67,-112.59,autopilot,False,False,False
210,4.491250276565552,3.22,-74.67,-112.65,autopilot,False,False,False
211,4.513551712036133,3.13,-74.67,-112.72,autopilot,False,False,False
212,4.535233020782471,3.04,-74.67,-112.79,autopilot,False,False,False
213,4.5573060512542725,2.97,-74.67,-112.86,autopilot,False,False,False
214,4.578725576400757,2.9,-74.67,-112.92,autopilot,False,False,False
215,4.600265264511108,2.84,-74.67,-112.98,autopilot,False,False,False
216,4.6212639808654785,2.79,-74.67,-113.04,autopilot,False,False,False
217,4.643696069717407,2.74,-74.67,-113.1,autopilot,False,False,False
218,4.666283369064331,2.7,-74.67,-113.16,autopilot,False,False,False
219,4.687620639801025,2.67,-74.67,-113.22,autopilot,False,False,False
220,4.707855224609375,2.63,-74.67,-113.27,autopilot,False,False,False
221,4.729618072509766,2.6,-74.67,-113.33,autopilot,False,False,False
222,4.751511096954346,2.57,-74.67,-113.39,autopilot,False,False,False
223,4.7723963260650635,2.54,-74.67,-113.44,autopilot,False,False,False
224,4.79282283782959,2.52,-74.68,-113.49,autopilot,False,False,False
225,4.8131561279296875,2.5,-74.68,-113.54,autopilot,False,False,False
226,4.834408760070801,2.48,-74.68,-113.6,autopilot,False,False,False
227,4.855740070343018,2.46,-74.68,-113.64,autopilot,False,False,False
228,4.876423358917236,2.45,-74.68,-113.7,autopilot,False,False,False
229,4.8979926109313965,2.43,-74.68,-113.75,autopilot,False,False,False
230,4.920452356338501,2.42,-74.68,-113.81,autopilot,False,False,False
231,4.9428369998931885,2.42,-74.68,-113.86,autopilot,False,False,False
232,4.963134050369263,2.41,-74.68,-113.91,autopilot,False,False,False
233,4.985294818878174,2.41,-74.68,-113.96,autopilot,False,False,False
234,5.00676965713501,2.41,-74.68,-114.01,autopilot,False,False,False
235,5.028282642364502,2.4,-74.68,-114.07,autopilot,False,False,False
236,5.050459861755371,2.41,-74.68,-114.12,autopilot,False,False,False
237,5.071639537811279,2.41,-74.68,-114.17,autopilot,False,False,False
238,5.092776298522949,2.41,-74.68,-114.22,autopilot,False,False,False
239,5.11429500579834,2.41,-74.68,-114.27,autopilot,False,False,False
240,5.135186433792114,2.42,-74.68,-114.32,autopilot,False,False,False
241,5.1570658683776855,2.42,-74.68,-114.38,autopilot,False,False,False
242,5.177999019622803,2.42,-74.68,-114.43,autopilot,False,False,False
243,5.199615955352783,2.43,-74.68,-114.48,autopilot,False,False,False
244,5.221184968948364,2.43,-74.68,-114.53,autopilot,False,False,False
245,5.2425312995910645,2.44,-74.68,-114.58,autopilot,False,False,False
246,5.263603687286377,2.44,-74.68,-114.64,autopilot,False,False,False
247,5.2852137088775635,2.44,-74.68,-114.69,autopilot,False,False,False
248,5.306648015975952,2.45,-74.68,-114.74,autopilot,False,False,False
249,5.3279407024383545,2.45,-74.68,-114.79,autopilot,False,False,False
250,5.348988771438599,2.45,-74.68,-114.84,autopilot,False,False,False
251,5.37018346786499,2.46,-74.68,-114.9,manual,False,False,True
252,5.391439437866211,2.46,-74.68,-114.95,pure_pursuit,False,False,True
253,5.412044525146484,2.46,-74.68,-115.0,pure_pursuit,False,False,True
254,5.432579040527344,2.46,-74.68,-115.05,pure_pursuit,False,False,True
255,5.45376992225647,2.46,-74.69,-115.1,pure_pursuit,False,False,True
256,5.475272178649902,2.46,-74.69,-115.15,pure_pursuit,False,False,True
257,5.495605945587158,2.46,-74.7,-115.2,pure_pursuit,False,False,True
258,5.51777195930481,2.46,-74.71,-115.26,pure_pursuit,False,False,True
259,5.540141820907593,2.46,-74.72,-115.31,pure_pursuit,False,False,True
260,5.5611114501953125,2.46,-74.73,-115.36,pure_pursuit,False,False,True
261,5.582970142364502,2.45,-74.74,-115.41,pure_pursuit,False,False,True
262,5.605126142501831,2.45,-74.76,-115.46,pure_pursuit,False,False,True
263,5.62695837020874,2.44,-74.77,-115.51,pure_pursuit,False,False,True
264,5.64792013168335,2.43,-74.79,-115.56,pure_pursuit,False,False,True
265,5.669143915176392,2.42,-74.81,-115.6,pure_pursuit,False,False,True
266,5.690438747406006,2.41,-74.83,-115.65,pure_pursuit,False,False,True
267,5.712022066116333,2.4,-74.86,-115.69,pure_pursuit,False,False,True
268,5.739548444747925,2.38,-74.88,-115.73,pure_pursuit,False,False,True
269,5.7611870765686035,2.35,-74.92,-115.79,pure_pursuit,False,False,True
270,5.783702373504639,2.34,-74.95,-115.82,pure_pursuit,False,False,True
271,5.805365085601807,2.33,-74.98,-115.86,pure_pursuit,False,True,True
272,5.827307939529419,2.34,-75.01,-115.89,pure_pursuit,False,False,True
273,5.849110841751099,2.35,-75.05,-115.93,pure_pursuit,False,False,True
274,5.870264291763306,2.36,-75.08,-115.96,pure_pursuit,False,False,True
275,5.891196966171265,2.37,-75.11,-115.99,pure_pursuit,False,False,True
276,5.913641929626465,2.38,-75.15,-116.02,pure_pursuit,False,False,True
277,5.934319257736206,2.4,-75.19,-116.05,pure_pursuit,False,False,True
278,5.956911563873291,2.41,-75.23,-116.08,pure_pursuit,False,False,True
279,5.978863716125488,2.42,-75.26,-116.11,pure_pursuit,False,False,True
280,6.00054144859314,2.43,-75.3,-116.14,pure_pursuit,False,False,True
281,6.0220911502838135,2.45,-75.34,-116.17,pure_pursuit,False,False,True
282,6.044317007064819,2.46,-75.38,-116.2,pure_pursuit,False,False,True
283,6.064664602279663,2.47,-75.42,-116.22,pure_pursuit,False,False,True
284,6.085733890533447,2.48,-75.47,-116.25,pure_pursuit,False,False,True
285,6.106959104537964,2.49,-75.51,-116.27,pure_pursuit,False,False,True
286,6.12927508354187,2.5,-75.55,-116.3,pure_pursuit,False,False,True
287,6.150280475616455,2.51,-75.6,-116.32,pure_pursuit,False,False,True
288,6.170716285705566,2.52,-75.64,-116.34,pure_pursuit,False,False,True
289,6.191277503967285,2.54,-75.68,-116.36,pure_pursuit,False,False,True
290,6.211719989776611,2.55,-75.72,-116.38,pure_pursuit,False,False,True
291,6.2335216999053955,2.56,-75.77,-116.41,pure_pursuit,False,False,True
292,6.25489354133606,2.57,-75.82,-116.42,pure_pursuit,False,False,True
293,6.2767174243927,2.58,-75.87,-116.44,pure_pursuit,False,False,True
294,6.297283172607422,2.59,-75.91,-116.46,pure_pursuit,False,True,True
295,6.318678140640259,2.6,-75.96,-116.48,pure_pursuit,False,False,True
296,6.3407347202301025,2.61,-76.01,-116.49,pure_pursuit,False,False,True
297,6.3625428676605225,2.62,-76.06,-116.51,pure_pursuit,False,False,True
298,6.382880926132202,2.63,-76.11,-116.52,pure_pursuit,False,False,True
299,6.403762340545654,2.64,-76.16,-116.54,pure_pursuit,False,False,True
300,6.424426794052124,2.65,-76.21,-116.55,pure_pursuit,False,False,True
301,6.445019006729126,2.66,-76.26,-116.56,pure_pursuit,False,False,True
302,6.465527296066284,2.67,-76.31,-116.57,pure_pursuit,False,False,True
303,6.486325740814209,2.68,-76.36,-116.58,pure_pursuit,False,False,True
304,6.507419109344482,2.69,-76.41,-116.59,pure_pursuit,False,False,True
305,6.528311729431152,2.7,-76.46,-116.59,pure_pursuit,False,False,True
306,6.549026966094971,2.73,-76.51,-116.6,autopilot,False,False,False
307,6.5697736740112305,2.77,-76.57,-116.61,autopilot,False,False,False
308,6.590253829956055,2.82,-76.62,-116.61,autopilot,False,False,False
309,6.611299753189087,2.87,-76.68,-116.63,autopilot,False,False,False
310,6.631785869598389,2.91,-76.73,-116.64,autopilot,False,False,False
311,6.652893781661987,2.95,-76.79,-116.66,autopilot,False,False,False
312,6.6739349365234375,3.0,-76.85,-116.68,autopilot,False,False,False
313,6.694179534912109,3.03,-76.9,-116.7,autopilot,False,False,False
314,6.715529918670654,3.06,-76.96,-116.73,autopilot,False,False,False
315,6.736426115036011,3.09,-77.02,-116.76,autopilot,False,False,False
316,6.757792711257935,3.12,-77.08,-116.79,autopilot,False,False,False
317,6.7793869972229,3.15,-77.13,-116.83,autopilot,False,False,False
318,6.800700902938843,3.19,-77.19,-116.87,autopilot,False,False,False
319,6.821520566940308,3.22,-77.24,-116.91,autopilot,False,False,False
320,6.843208312988281,3.25,-77.3,-116.95,autopilot,False,False,False
321,6.864678859710693,3.28,-77.35,-116.99,autopilot,False,False,False
322,6.887249708175659,3.31,-77.4,-117.04,autopilot,False,True,False
323,6.90888237953186,3.34,-77.46,-117.09,autopilot,False,False,False
324,6.929141998291016,3.36,-77.51,-117.14,autopilot,False,False,False
325,6.95079779624939,3.38,-77.55,-117.19,autopilot,False,False,False
326,6.971482515335083,3.4,-77.6,-117.25,autopilot,False,False,False
327,6.993138074874878,3.42,-77.64,-117.3,autopilot,False,False,False
328,7.014392614364624,3.43,-77.69,-117.36,autopilot,False,True,False
329,7.035670518875122,3.44,-77.73,-117.42,autopilot,False,False,False
330,7.0568976402282715,3.45,-77.76,-117.48,autopilot,False,False,False
331,7.07864785194397,3.47,-77.8,-117.54,autopilot,False,False,False
332,7.10007905960083,3.5,-77.83,-117.61,autopilot,False,False,False
333,7.120637655258179,3.54,-77.86,-117.67,autopilot,False,False,False
334,7.141218185424805,3.58,-77.89,-117.73,autopilot,False,False,False
335,7.161814451217651,3.61,-77.92,-117.8,autopilot,False,False,False
336,7.182604074478149,3.62,-77.94,-117.87,autopilot,False,False,False
337,7.204152584075928,3.62,-77.97,-117.94,autopilot,False,False,False
338,7.225409030914307,3.58,-77.99,-118.01,autopilot,False,False,False
339,7.246599912643433,3.53,-78.01,-118.08,autopilot,False,False,False
340,7.267846584320068,3.45,-78.03,-118.14,autopilot,False,False,False
341,7.288145065307617,3.35,-78.05,-118.21,autopilot,False,False,False
342,7.30841851234436,3.24,-78.06,-118.27,autopilot,False,False,False
343,7.330041885375977,3.1,-78.07,-118.33,autopilot,False,False,False
344,7.351618766784668,2.96,-78.09,-118.4,autopilot,False,False,False
345,7.372102499008179,2.83,-78.1,-118.45,autopilot,False,False,False
346,7.3924560546875,2.69,-78.1,-118.51,autopilot,False,False,False
347,7.413637399673462,2.54,-78.11,-118.56,autopilot,False,False,False
348,7.434279441833496,2.39,-78.11,-118.61,autopilot,False,False,False
349,7.455400228500366,2.24,-78.12,-118.65,autopilot,False,False,False
350,7.477001190185547,2.09,-78.12,-118.7,autopilot,False,False,False
351,7.497824668884277,1.93,-78.12,-118.74,autopilot,False,False,False
352,7.518067121505737,1.79,-78.12,-118.77,autopilot,False,False,False
353,7.539764165878296,1.63,-78.12,-118.81,autopilot,False,False,False
354,7.561091423034668,1.47,-78.12,-118.84,autopilot,False,False,False
355,7.5826520919799805,1.32,-78.12,-118.87,autopilot,False,False,False
356,7.604067802429199,1.17,-78.12,-118.89,autopilot,False,False,False
357,7.625332355499268,1.01,-78.12,-118.91,autopilot,False,False,False
358,7.645784854888916,0.87,-78.12,-118.93,autopilot,False,False,False
359,7.66658091545105,0.71,-78.13,-118.95,autopilot,False,False,False
360,7.688114404678345,0.56,-78.13,-118.96,autopilot,False,False,False
361,7.709266662597656,0.4,-78.13,-118.97,autopilot,False,False,False
362,7.730762004852295,0.24,-78.13,-118.98,autopilot,False,False,False
363,7.752223491668701,0.0,-78.13,-118.98,autopilot,False,False,False
364,7.773604869842529,0.0,-78.13,-118.98,autopilot,False,False,False
365,7.794422388076782,0.0,-78.13,-118.98,autopilot,False,False,False
366,7.815945148468018,0.0,-78.13,-118.98,autopilot,False,False,False
367,7.837681293487549,0.0,-78.13,-118.98,autopilot,False,False,False
368,7.859577655792236,0.0,-78.13,-118.98,autopilot,False,False,False
369,7.880000352859497,0.0,-78.13,-118.98,autopilot,False,False,False
370,7.901975631713867,0.0,-78.13,-118.98,autopilot,False,False,False
371,7.92219090461731,0.0,-78.13,-118.98,autopilot,False,False,False
372,7.942646026611328,0.0,-78.13,-118.98,autopilot,False,False,False
373,7.964382886886597,0.0,-78.13,-118.98,autopilot,False,False,False
374,7.98538875579834,0.0,-78.13,-118.98,autopilot,False,False,False
375,8.0066978931427,0.0,-78.13,-118.98,autopilot,False,False,False
376,8.026988506317139,0.0,-78.13,-118.98,autopilot,False,False,False
377,8.048579216003418,0.0,-78.13,-118.98,autopilot,False,False,False
378,8.069729566574097,0.0,-78.13,-118.98,autopilot,False,False,False
379,8.09074068069458,0.0,-78.13,-118.98,autopilot,False,False,False
380,8.111241817474365,0.0,-78.13,-118.98,autopilot,False,False,False
381,8.13219690322876,0.0,-78.13,-118.98,autopilot,False,False,False
382,8.154125928878784,0.0,-78.13,-118.98,autopilot,False,False,False
383,8.174760341644287,0.0,-78.13,-118.98,autopilot,False,False,False
384,8.196527242660522,0.0,-78.13,-118.98,autopilot,False,False,False
385,8.218387842178345,0.0,-78.13,-118.98,autopilot,False,False,False
386,8.240022897720337,0.0,-78.13,-118.98,autopilot,False,False,False
387,8.261195659637451,0.0,-78.13,-118.98,autopilot,False,False,False
388,8.283025026321411,0.0,-78.13,-118.98,autopilot,False,False,False
389,8.305701494216919,0.0,-78.13,-118.98,autopilot,False,False,False
390,8.327090978622437,0.0,-78.13,-118.98,autopilot,False,False,False
391,8.34744143486023,0.0,-78.13,-118.98,autopilot,False,False,False
392,8.368831396102905,0.0,-78.13,-118.98,autopilot,False,False,False
393,8.390231609344482,0.0,-78.13,-118.98,autopilot,False,False,False
394,8.413204431533813,0.0,-78.13,-118.98,autopilot,False,False,False
395,8.433719396591187,0.0,-78.13,-118.98,autopilot,False,False,False
396,8.455477952957153,0.0,-78.13,-118.98,autopilot,False,False,False
397,8.477161407470703,0.0,-78.13,-118.98,autopilot,False,False,False
398,8.498763084411621,0.0,-78.13,-118.98,autopilot,False,False,False
399,8.520840406417847,0.0,-78.13,-118.98,autopilot,False,False,False
400,8.542606353759766,0.0,-78.13,-118.98,autopilot,False,False,False
401,8.56413722038269,0.0,-78.13,-118.98,autopilot,False,False,False
402,8.585211515426636,0.0,-78.13,-118.98,autopilot,False,False,False
403,8.606181383132935,0.0,-78.13,-118.98,autopilot,False,False,False
404,8.628056287765503,0.0,-78.13,-118.98,autopilot,False,False,False
405,8.649798393249512,0.0,-78.13,-118.98,autopilot,False,False,False
406,8.67142367362976,0.0,-78.13,-118.98,autopilot,False,False,False
407,8.693199872970581,0.0,-78.13,-118.98,autopilot,False,False,False
408,8.714341640472412,0.0,-78.13,-118.98,autopilot,False,False,False
409,8.735635042190552,0.0,-78.13,-118.98,autopilot,False,False,False
410,8.756930351257324,0.0,-78.13,-118.98,autopilot,False,False,False
411,8.778356313705444,0.0,-78.13,-118.98,autopilot,False,False,False
412,8.800392150878906,0.0,-78.13,-118.98,autopilot,False,False,False
413,8.821897745132446,0.0,-78.13,-118.98,autopilot,False,False,False
414,8.843647241592407,0.0,-78.13,-118.98,autopilot,False,False,False
415,8.86566972732544,0.0,-78.13,-118.98,autopilot,False,False,False
416,8.887455224990845,0.0,-78.13,-118.98,autopilot,False,False,False
417,8.908601522445679,0.0,-78.13,-118.98,autopilot,False,False,False
418,8.930123090744019,0.0,-78.13,-118.98,autopilot,False,False,False
419,8.95180368423462,0.0,-78.13,-118.98,autopilot,False,False,False
420,8.97353219985962,0.0,-78.13,-118.98,autopilot,False,False,False
421,8.994986295700073,0.0,-78.13,-118.98,autopilot,False,False,False
422,9.016063213348389,0.0,-78.13,-118.98,autopilot,False,False,False
423,9.03702449798584,0.0,-78.13,-118.98,autopilot,False,False,False
424,9.058027267456055,0.0,-78.13,-118.98,autopilot,False,False,False
425,9.081005811691284,0.0,-78.13,-118.98,autopilot,False,False,False
426,9.102564811706543,0.0,-78.13,-118.98,autopilot,False,False,False
427,9.12289047241211,0.0,-78.13,-118.98,autopilot,False,False,False
428,9.143587827682495,0.0,-78.13,-118.98,autopilot,False,False,False
429,9.16391897201538,0.0,-78.13,-118.98,autopilot,False,False,False
430,9.184326171875,0.0,-78.13,-118.98,autopilot,False,False,False
431,9.205550193786621,0.0,-78.13,-118.98,autopilot,False,False,False
432,9.227051019668579,0.0,-78.13,-118.98,autopilot,False,False,False
433,9.249913692474365,0.0,-78.13,-118.98,autopilot,False,False,False
434,9.27065134048462,0.0,-78.13,-118.98,autopilot,False,False,False
435,9.292101621627808,0.0,-78.13,-118.98,autopilot,False,False,False
436,9.313883781433105,0.0,-78.13,-118.98,autopilot,False,False,False
437,9.335126876831055,0.0,-78.13,-118.98,autopilot,False,False,False
438,9.356685161590576,0.0,-78.13,-118.98,autopilot,False,False,False
439,9.378182172775269,0.0,-78.13,-118.98,autopilot,False,False,False
440,9.39980673789978,0.0,-78.13,-118.98,autopilot,False,False,False
441,9.421100854873657,0.0,-78.13,-118.98,autopilot,False,False,False
442,9.442056655883789,0.0,-78.13,-118.98,autopilot,False,False,False
443,9.463445901870728,0.0,-78.13,-118.98,autopilot,False,False,False
444,9.486352920532227,0.0,-78.13,-118.98,autopilot,False,False,False
445,9.507375001907349,0.0,-78.13,-118.98,autopilot,False,False,False
446,9.529297828674316,0.0,-78.13,-118.98,autopilot,False,False,False
447,9.550902366638184,0.0,-78.13,-118.98,autopilot,False,False,False
448,9.572415113449097,0.0,-78.13,-118.98,autopilot,False,False,False
449,9.594010591506958,0.0,-78.13,-118.98,autopilot,False,False,False
450,9.61605978012085,0.0,-78.13,-118.98,autopilot,False,False,False
451,9.637720823287964,0.0,-78.13,-118.98,autopilot,False,False,False
452,9.659337043762207,0.0,-78.13,-118.98,autopilot,False,False,False
453,9.679644584655762,0.0,-78.13,-118.98,autopilot,False,False,False
454,9.700063467025757,0.0,-78.13,-118.98,autopilot,False,False,False
455,9.72048807144165,0.0,-78.13,-118.98,autopilot,False,False,False
456,9.741475582122803,0.0,-78.13,-118.98,autopilot,False,False,False
457,9.7618567943573,0.0,-78.13,-118.98,autopilot,False,False,False
458,9.782548904418945,0.0,-78.13,-118.98,autopilot,False,False,False
459,9.803391218185425,0.0,-78.13,-118.98,autopilot,False,False,False
460,9.823736667633057,0.0,-78.13,-118.98,autopilot,False,False,False
461,9.844255924224854,0.0,-78.13,-118.98,autopilot,False,False,False
462,9.866219520568848,0.0,-78.13,-118.98,autopilot,False,False,False
463,9.887864589691162,0.0,-78.13,-118.98,autopilot,False,False,False
464,9.908749103546143,0.0,-78.13,-118.98,autopilot,False,False,False
465,9.930758953094482,0.0,-78.13,-118.98,autopilot,False,False,False
466,9.951690196990967,0.0,-78.13,-118.98,autopilot,False,False,False
467,9.972384929656982,0.0,-78.13,-118.98,autopilot,False,False,False
468,9.992698669433594,0.0,-78.13,-118.98,autopilot,False,False,False
469,10.013216495513916,0.0,-78.13,-118.98,autopilot,False,False,False
470,10.033655166625977,0.0,-78.13,-118.98,autopilot,False,False,False
471,10.05405306816101,0.0,-78.13,-118.98,autopilot,False,False,False
472,10.074875593185425,0.0,-78.13,-118.98,autopilot,False,False,False
473,10.096229314804077,0.0,-78.13,-118.98,autopilot,False,False,False
474,10.116720914840698,0.0,-78.13,-118.98,autopilot,False,False,False
475,10.137272119522095,0.0,-78.13,-118.98,autopilot,False,False,False
476,10.15759015083313,0.0,-78.13,-118.98,autopilot,False,False,False
477,10.17947793006897,0.0,-78.13,-118.98,autopilot,False,False,False
478,10.200185537338257,0.0,-78.13,-118.98,autopilot,False,False,False
479,10.220547676086426,0.0,-78.13,-118.98,autopilot,False,False,False
480,10.240777254104614,0.0,-78.13,-118.98,autopilot,False,False,False
481,10.262492179870605,0.0,-78.13,-118.98,autopilot,False,False,False
482,10.284138202667236,0.0,-78.13,-118.98,autopilot,False,False,False
483,10.305593967437744,0.0,-78.13,-118.98,autopilot,False,False,False
484,10.326613903045654,0.0,-78.13,-118.98,autopilot,False,False,False
485,10.347705841064453,0.0,-78.13,-118.98,autopilot,False,False,False
486,10.368929147720337,0.0,-78.13,-118.98,autopilot,False,False,False
487,10.390567302703857,0.0,-78.13,-118.98,autopilot,False,False,False
488,10.411146402359009,0.0,-78.13,-118.98,autopilot,False,False,False
489,10.432857513427734,0.0,-78.13,-118.98,autopilot,False,False,False
490,10.454434156417847,0.0,-78.13,-118.98,autopilot,False,False,False
491,10.476022243499756,0.0,-78.13,-118.98,autopilot,False,False,False
492,10.49759316444397,0.0,-78.13,-118.98,autopilot,False,False,False
493,10.517864465713501,0.0,-78.13,-118.98,autopilot,False,False,False
494,10.539867401123047,0.0,-78.13,-118.98,autopilot,False,False,False
495,10.561436414718628,0.0,-78.13,-118.98,autopilot,False,False,False
496,10.58288860321045,0.0,-78.13,-118.98,autopilot,False,False,False
497,10.604603052139282,0.0,-78.13,-118.98,autopilot,False,False,False
498,10.625827550888062,0.0,-78.13,-118.98,autopilot,False,False,False
499,10.648469924926758,0.0,-78.13,-118.98,autopilot,False,False,False
500,10.670124292373657,0.0,-78.13,-118.98,autopilot,False,False,False
501,10.692119598388672,0.0,-78.13,-118.98,autopilot,False,False,False
502,10.713322162628174,0.0,-78.13,-118.98,autopilot,False,False,False
503,10.73386025428772,0.0,-78.13,-118.98,autopilot,False,False,False
504,10.754686117172241,0.0,-78.13,-118.98,autopilot,False,False,False
505,10.77568769454956,0.0,-78.13,-118.98,autopilot,False,False,False
506,10.796022176742554,0.0,-78.13,-118.98,autopilot,False,False,False
507,10.817334175109863,0.0,-78.13,-118.98,autopilot,False,False,False
508,10.838670492172241,0.0,-78.13,-118.98,autopilot,False,False,False
509,10.860213041305542,0.0,-78.13,-118.98,autopilot,False,False,False
510,10.881835460662842,0.0,-78.13,-118.98,autopilot,False,False,False
511,10.903304100036621,0.0,-78.13,-118.98,autopilot,False,False,False
512,10.925283670425415,0.0,-78.13,-118.98,autopilot,False,False,False
513,10.947165966033936,0.0,-78.13,-118.98,autopilot,False,False,False
514,10.968392372131348,0.0,-78.13,-118.98,autopilot,False,False,False
515,10.988670110702515,0.0,-78.13,-118.98,autopilot,False,False,False
516,11.009752988815308,0.0,-78.13,-118.98,autopilot,False,False,False
517,11.031410932540894,0.0,-78.13,-118.98,autopilot,False,False,False
518,11.05172348022461,0.0,-78.13,-118.98,autopilot,False,False,False
519,11.072217464447021,0.0,-78.13,-118.98,autopilot,False,False,False
520,11.093839406967163,0.0,-78.13,-118.98,autopilot,False,False,False
521,11.11554765701294,0.0,-78.13,-118.98,autopilot,False,False,False
522,11.137428998947144,0.0,-78.13,-118.98,autopilot,False,False,False
523,11.158962726593018,0.0,-78.13,-118.98,autopilot,False,False,False
524,11.180731534957886,0.0,-78.13,-118.98,autopilot,False,False,False
525,11.200957298278809,0.0,-78.13,-118.98,autopilot,False,False,False
526,11.2223641872406,0.0,-78.13,-118.98,autopilot,False,False,False
527,11.243499517440796,0.0,-78.13,-118.98,autopilot,False,False,False
528,11.26538372039795,0.0,-78.13,-118.98,autopilot,False,False,False
529,11.286925554275513,0.0,-78.13,-118.98,autopilot,False,False,False
530,11.307703971862793,0.0,-78.13,-118.98,autopilot,False,False,False
531,11.329467296600342,0.0,-78.13,-118.98,autopilot,False,False,False
532,11.351293087005615,0.0,-78.13,-118.98,autopilot,False,False,False
533,11.372729301452637,0.0,-78.13,-118.98,autopilot,False,False,False
534,11.39326000213623,0.0,-78.13,-118.98,autopilot,False,False,False
535,11.413666486740112,0.0,-78.13,-118.98,autopilot,False,False,False
536,11.434622049331665,0.0,-78.13,-118.98,autopilot,False,False,False
537,11.45566987991333,0.0,-78.13,-118.98,autopilot,False,False,False
538,11.477648258209229,0.0,-78.13,-118.98,autopilot,False,False,False
539,11.498011350631714,0.0,-78.13,-118.98,autopilot,False,False,False
540,11.519009590148926,0.0,-78.13,-118.98,autopilot,False,False,False
541,11.540247678756714,0.0,-78.13,-118.98,autopilot,False,False,False
542,11.561830997467041,0.0,-78.13,-118.98,autopilot,False,False,False
543,11.582319259643555,0.0,-78.13,-118.98,autopilot,False,False,False
544,11.602607727050781,0.0,-78.13,-118.98,autopilot,False,False,False
545,11.624616622924805,0.0,-78.13,-118.98,autopilot,False,False,False
546,11.646208047866821,0.0,-78.13,-118.98,autopilot,False,False,False
547,11.66803765296936,0.0,-78.13,-118.98,autopilot,False,False,False
548,11.689265251159668,0.0,-78.13,-118.98,autopilot,False,False,False
549,11.709614753723145,0.0,-78.13,-118.98,autopilot,False,False,False
550,11.729952335357666,0.0,-78.13,-118.98,autopilot,False,False,False
551,11.751806259155273,0.0,-78.13,-118.98,autopilot,False,False,False
552,11.773768663406372,0.0,-78.13,-118.98,autopilot,False,False,False
553,11.795289278030396,0.0,-78.13,-118.98,autopilot,False,False,False
554,11.816155672073364,0.0,-78.13,-118.98,autopilot,False,False,False
555,11.838010549545288,0.0,-78.13,-118.98,autopilot,False,False,False
556,11.859818458557129,0.0,-78.13,-118.98,manual,False,False,True
557,11.88025951385498,0.0,-78.13,-118.98,pure_pursuit,False,False,True
558,11.902295589447021,0.0,-78.13,-118.98,pure_pursuit,False,False,True
559,11.92391037940979,0.0,-78.13,-118.98,pure_pursuit,False,False,True
560,11.94475769996643,0.0,-78.13,-118.98,pure_pursuit,False,False,True
561,11.965203762054443,0.01,-78.13,-118.98,pure_pursuit,False,False,True
562,11.987040042877197,0.02,-78.13,-118.98,pure_pursuit,False,False,True
563,12.008525609970093,0.04,-78.13,-118.98,pure_pursuit,False,False,True
564,12.03001880645752,0.06,-78.13,-118.98,pure_pursuit,False,False,True
565,12.051506280899048,0.08,-78.12,-118.98,pure_pursuit,False,False,True
566,12.073098421096802,0.1,-78.12,-118.98,pure_pursuit,False,False,True
567,12.095126390457153,0.13,-78.12,-118.99,pure_pursuit,False,False,True
568,12.115851402282715,0.15,-78.12,-118.99,pure_pursuit,False,False,True
569,12.136211156845093,0.17,-78.12,-118.99,pure_pursuit,False,False,True
570,12.157328367233276,0.2,-78.12,-119.0,pure_pursuit,False,False,True
571,12.179413795471191,0.22,-78.12,-119.0,pure_pursuit,False,False,True
572,12.19983696937561,0.24,-78.12,-119.0,pure_pursuit,False,False,True
573,12.220370769500732,0.26,-78.12,-119.01,pure_pursuit,False,False,True
574,12.241300106048584,0.28,-78.12,-119.01,pure_pursuit,False,False,True
575,12.262850284576416,0.31,-78.12,-119.02,pure_pursuit,False,False,True
576,12.284795045852661,0.33,-78.11,-119.03,pure_pursuit,False,False,True
577,12.306367874145508,0.35,-78.11,-119.03,pure_pursuit,False,False,True
578,12.327632665634155,0.37,-78.11,-119.04,pure_pursuit,False,False,True
579,12.349315166473389,0.4,-78.11,-119.05,pure_pursuit,False,False,True
580,12.370426893234253,0.42,-78.11,-119.05,pure_pursuit,False,False,True
581,12.392073631286621,0.44,-78.11,-119.06,pure_pursuit,False,False,True
582,12.414035558700562,0.46,-78.1,-119.07,pure_pursuit,False,True,True
583,12.434781312942505,0.48,-78.1,-119.08,pure_pursuit,False,False,True
584,12.456647157669067,0.5,-78.1,-119.09,pure_pursuit,False,False,True
585,12.47841739654541,0.52,-78.1,-119.1,pure_pursuit,False,False,True
586,12.500385999679565,0.54,-78.09,-119.11,pure_pursuit,False,False,True
587,12.521994829177856,0.56,-78.09,-119.12,pure_pursuit,False,False,True
588,12.543884992599487,0.58,-78.09,-119.13,pure_pursuit,False,False,True
589,12.565015316009521,0.6,-78.08,-119.14,pure_pursuit,False,False,True
590,12.585789442062378,0.62,-78.08,-119.15,pure_pursuit,False,False,True
591,12.606578826904297,0.64,-78.08,-119.17,pure_pursuit,False,False,True
592,12.627452850341797,0.66,-78.07,-119.18,pure_pursuit,False,False,True
593,12.64906120300293,0.68,-78.07,-119.19,pure_pursuit,False,False,True
594,12.670526504516602,0.7,-78.06,-119.2,pure_pursuit,False,False,True
595,12.691025972366333,0.72,-78.06,-119.21,pure_pursuit,False,False,True
596,12.712620496749878,0.74,-78.05,-119.23,pure_pursuit,False,False,True
597,12.733530282974243,0.76,-78.05,-119.24,pure_pursuit,False,False,True
598,12.754238605499268,0.78,-78.05,-119.26,pure_pursuit,False,False,True
599,12.77644419670105,0.8,-78.04,-119.27,pure_pursuit,False,False,True
600,12.798356533050537,0.82,-78.03,-119.29,pure_pursuit,False,False,True
601,12.819192886352539,0.84,-78.03,-119.3,pure_pursuit,False,False,True
602,12.840130805969238,0.86,-78.02,-119.32,pure_pursuit,False,False,True
603,12.861432790756226,0.87,-78.02,-119.33,pure_pursuit,False,False,True
604,12.882861614227295,0.89,-78.01,-119.35,pure_pursuit,False,False,True
605,12.904403686523438,0.91,-78.0,-119.37,pure_pursuit,False,False,True
606,12.925487518310547,0.93,-78.0,-119.38,pure_pursuit,False,False,True
607,12.947641134262085,0.95,-77.99,-119.4,pure_pursuit,False,False,True
608,12.969465017318726,0.97,-77.98,-119.42,pure_pursuit,False,False,True
609,12.99152684211731,0.99,-77.97,-119.44,pure_pursuit,False,False,True
610,13.014024496078491,1.01,-77.96,-119.45,pure_pursuit,False,False,True
611,13.036284923553467,1.03,-77.96,-119.47,pure_pursuit,False,False,True
612,13.05847978591919,1.05,-77.95,-119.49,pure_pursuit,False,False,True
613,13.080413341522217,1.06,-77.94,-119.51,pure_pursuit,False,True,True
614,13.101176500320435,1.08,-77.93,-119.53,pure_pursuit,False,False,True
615,13.123025894165039,1.1,-77.92,-119.55,pure_pursuit,False,False,True
616,13.144847631454468,1.12,-77.91,-119.57,pure_pursuit,False,False,True
617,13.166313171386719,1.14,-77.9,-119.59,pure_pursuit,False,False,True
618,13.186853170394897,1.15,-77.89,-119.61,pure_pursuit,False,False,True
619,13.209012746810913,1.17,-77.88,-119.63,pure_pursuit,False,False,True
620,13.230828285217285,1.19,-77.86,-119.65,pure_pursuit,False,False,True
621,13.25321364402771,1.21,-77.85,-119.67,pure_pursuit,False,False,True
622,13.27564024925232,1.22,-77.84,-119.69,pure_pursuit,False,False,True
623,13.296200275421143,1.24,-77.83,-119.71,pure_pursuit,False,False,True
624,13.31856918334961,1.26,-77.81,-119.73,pure_pursuit,False,False,True
625,13.340417623519897,1.28,-77.8,-119.76,pure_pursuit,False,False,True
626,13.362074375152588,1.29,-77.79,-119.78,pure_pursuit,False,False,True
627,13.384127616882324,1.31,-77.77,-119.8,pure_pursuit,False,False,True
628,13.404803276062012,1.33,-77.76,-119.82,pure_pursuit,False,False,True
629,13.427257061004639,1.35,-77.74,-119.84,pure_pursuit,False,False,True
630,13.447779417037964,1.36,-77.73,-119.86,pure_pursuit,False,False,True
631,13.46832537651062,1.38,-77.71,-119.88,pure_pursuit,False,False,True
632,13.488985776901245,1.39,-77.7,-119.9,pure_pursuit,False,False,True
633,13.511362314224243,1.41,-77.68,-119.93,pure_pursuit,False,False,True
634,13.531877994537354,1.43,-77.66,-119.95,pure_pursuit,False,True,True
635,13.553229570388794,1.44,-77.65,-119.97,pure_pursuit,False,False,True
636,13.573914289474487,1.46,-77.63,-119.99,pure_pursuit,False,False,True
637,13.59452223777771,1.47,-77.61,-120.01,pure_pursuit,False,False,True
638,13.615083932876587,1.49,-77.59,-120.04,pure_pursuit,False,False,True
639,13.636565685272217,1.51,-77.57,-120.06,pure_pursuit,False,False,True
640,13.657145500183105,1.52,-77.55,-120.08,pure_pursuit,False,False,True
641,13.677804946899414,1.54,-77.53,-120.1,pure_pursuit,False,False,True
642,13.701920509338379,1.55,-77.51,-120.12,pure_pursuit,False,False,True
643,13.724486112594604,1.57,-77.49,-120.15,pure_pursuit,False,False,True
644,13.747080326080322,1.59,-77.47,-120.17,pure_pursuit,False,False,True
645,13.769155979156494,1.61,-77.44,-120.19,pure_pursuit,False,False,True
646,13.792179107666016,1.62,-77.42,-120.22,pure_pursuit,False,False,True
647,13.814875364303589,1.64,-77.39,-120.24,pure_pursuit,False,False,True
648,13.8375403881073,1.66,-77.37,-120.26,pure_pursuit,False,False,True
649,13.859588384628296,1.67,-77.34,-120.29,pure_pursuit,False,False,True
650,13.88065218925476,1.69,-77.32,-120.31,pure_pursuit,False,False,True
651,13.902514457702637,1.7,-77.29,-120.33,pure_pursuit,False,False,True
652,13.9243483543396,1.72,-77.26,-120.35,pure_pursuit,False,False,True
653,13.94483757019043,1.73,-77.24,-120.37,pure_pursuit,False,False,True
654,13.968144416809082,1.75,-77.21,-120.39,pure_pursuit,False,False,True
655,13.990855693817139,1.76,-77.18,-120.42,pure_pursuit,False,False,True
656,14.011708974838257,1.78,-77.15,-120.44,pure_pursuit,False,False,True
657,14.032436847686768,1.79,-77.12,-120.45,pure_pursuit,False,False,True
658,14.053209781646729,1.81,-77.09,-120.47,pure_pursuit,False,False,True
659,14.074317693710327,1.82,-77.07,-120.49,pure_pursuit,False,False,True
660,14.096313714981079,1.84,-77.03,-120.51,pure_pursuit,False,False,True
661,14.11974573135376,1.85,-77.0,-120.53,pure_pursuit,False,False,True
662,14.142790079116821,1.87,-76.97,-120.55,pure_pursuit,False,False,True
663,14.166587829589844,1.89,-76.93,-120.57,pure_pursuit,False,False,True
664,14.187990427017212,1.9,-76.9,-120.59,pure_pursuit,False,False,True
665,14.20932149887085,1.92,-76.86,-120.61,pure_pursuit,False,False,True
666,14.231036901473999,1.93,-76.83,-120.63,pure_pursuit,False,False,True
667,14.253170490264893,1.95,-76.8,-120.64,pure_pursuit,False,False,True
668,14.276230335235596,1.96,-76.76,-120.66,pure_pursuit,False,True,True
669,14.298407077789307,1.98,-76.72,-120.68,pure_pursuit,False,False,True
670,14.3211669921875,1.99,-76.68,-120.7,pure_pursuit,False,False,True
671,14.344419479370117,2.01,-76.64,-120.71,pure_pursuit,False,False,True
672,14.367320775985718,2.02,-76.6,-120.73,pure_pursuit,False,False,True
673,14.390528440475464,2.04,-76.56,-120.74,pure_pursuit,False,False,True
674,14.414029598236084,2.05,-76.52,-120.76,pure_pursuit,False,False,True
675,14.437811851501465,2.07,-76.48,-120.77,pure_pursuit,False,False,True
676,14.461632251739502,2.08,-76.44,-120.79,pure_pursuit,False,False,True
677,14.483824253082275,2.11,-76.39,-120.8,autopilot,False,False,False
678,14.50527834892273,2.12,-76.35,-120.81,autopilot,False,False,False
679,14.527207612991333,2.11,-76.31,-120.83,autopilot,False,False,False
680,14.549036264419556,2.08,-76.27,-120.84,autopilot,False,False,False
681,14.570852994918823,2.02,-76.24,-120.86,autopilot,False,False,False
682,14.593488693237305,1.92,-76.2,-120.89,autopilot,False,False,False
683,14.616370916366577,1.79,-76.16,-120.91,autopilot,False,False,False
684,14.639221429824829,1.64,-76.13,-120.93,autopilot,False,False,False
685,14.662766933441162,1.46,-76.11,-120.96,autopilot,False,False,False
686,14.68729019165039,1.28,-76.08,-120.98,autopilot,False,False,False
687,14.711503505706787,1.09,-76.06,-121.0,autopilot,False,False,False
688,14.734538316726685,0.92,-76.05,-121.02,autopilot,False,False,False
689,14.760069131851196,0.73,-76.04,-121.03,autopilot,False,False,False
690,14.781346082687378,0.57,-76.03,-121.04,autopilot,False,False,False
691,14.802319049835205,0.41,-76.02,-121.05,autopilot,False,False,False
692,14.827297449111938,0.19,-76.02,-121.06,autopilot,False,False,False
693,14.851677894592285,0.0,-76.02,-121.06,autopilot,False,False,False
694,14.87560486793518,0.0,-76.02,-121.06,autopilot,False,False,False
695,14.899698972702026,0.0,-76.02,-121.06,autopilot,False,False,False
696,14.924094915390015,0.0,-76.02,-121.06,autopilot,False,False,False
697,14.947582960128784,0.0,-76.02,-121.06,autopilot,False,False,False
698,14.97277307510376,0.0,-76.02,-121.06,autopilot,False,False,False
699,14.99833869934082,0.0,-76.02,-121.06,autopilot,False,False,False
700,15.023117303848267,0.0,-76.02,-121.06,autopilot,False,False,False
701,15.046746492385864,0.0,-76.02,-121.06,autopilot,False,False,False
702,15.07064437866211,0.0,-76.02,-121.06,autopilot,False,False,False
703,15.09428858757019,0.0,-76.02,-121.06,autopilot,False,False,False
704,15.118249893188477,0.0,-76.02,-121.06,autopilot,False,False,False
705,15.142001867294312,0.0,-76.02,-121.06,autopilot,False,False,False
706,15.165382862091064,0.0,-76.02,-121.06,autopilot,False,False,False
707,15.18919849395752,0.0,-76.02,-121.06,autopilot,False,False,False
708,15.212995529174805,0.0,-76.02,-121.06,autopilot,False,False,False
709,15.23727560043335,0.0,-76.02,-121.06,autopilot,False,False,False
710,15.260952711105347,0.0,-76.02,-121.06,autopilot,False,False,False
711,15.284999132156372,0.0,-76.02,-121.06,autopilot,False,False,False
712,15.309681177139282,0.0,-76.02,-121.06,autopilot,False,False,False
713,15.332910060882568,0.0,-76.02,-121.06,autopilot,False,False,False
714,15.356388092041016,0.0,-76.02,-121.06,autopilot,False,False,False
715,15.380844593048096,0.0,-76.02,-121.06,autopilot,False,False,False
716,15.405913352966309,0.0,-76.02,-121.06,autopilot,False,False,False
717,15.430476427078247,0.0,-76.02,-121.06,autopilot,False,False,False
718,15.454285860061646,0.0,-76.02,-121.06,autopilot,False,False,False
719,15.47688913345337,0.0,-76.02,-121.06,autopilot,False,False,False
720,15.499459981918335,0.0,-76.02,-121.06,autopilot,False,False,False
721,15.521963596343994,0.0,-76.02,-121.06,autopilot,False,False,False
722,15.545054197311401,0.0,-76.02,-121.06,autopilot,False,False,False
723,15.569563388824463,0.0,-76.02,-121.06,autopilot,False,False,False
724,15.593273401260376,0.0,-76.02,-121.06,autopilot,False,False,False
725,15.616645336151123,0.0,-76.02,-121.06,autopilot,False,False,False
726,15.639654397964478,0.0,-76.02,-121.06,autopilot,False,False,False
727,15.662387132644653,0.0,-76.02,-121.06,autopilot,False,False,False
728,15.686538457870483,0.0,-76.02,-121.06,autopilot,False,False,False
729,15.710826635360718,0.0,-76.02,-121.06,autopilot,False,False,False
730,15.733306646347046,0.0,-76.02,-121.06,autopilot,False,False,False
731,15.753733158111572,0.0,-76.02,-121.06,autopilot,False,False,False
732,15.77514362335205,0.0,-76.02,-121.06,autopilot,False,False,False
733,15.799497365951538,0.0,-76.02,-121.06,autopilot,False,False,False
734,15.823189973831177,0.0,-76.02,-121.06,autopilot,False,False,False
735,15.847025394439697,0.0,-76.02,-121.06,autopilot,False,False,False
736,15.869973421096802,0.0,-76.02,-121.06,autopilot,False,False,False
737,15.893715143203735,0.0,-76.02,-121.06,autopilot,False,False,False
738,15.917160749435425,0.0,-76.02,-121.06,autopilot,False,False,False
739,15.940764427185059,0.0,-76.02,-121.06,autopilot,False,False,False
740,15.964992761611938,0.0,-76.02,-121.06,autopilot,False,False,False
741,15.98631477355957,0.0,-76.02,-121.06,autopilot,False,False,False
742,16.0109601020813,0.0,-76.02,-121.06,autopilot,False,False,False
743,16.035602569580078,0.0,-76.02,-121.06,autopilot,False,False,False
744,16.06006407737732,0.0,-76.02,-121.06,autopilot,False,False,False
745,16.08305859565735,0.0,-76.02,-121.06,autopilot,False,False,False
746,16.10614800453186,0.0,-76.02,-121.06,autopilot,False,False,False
747,16.129508018493652,0.0,-76.02,-121.06,autopilot,False,False,False
748,16.152549743652344,0.0,-76.02,-121.06,autopilot,False,False,False
749,16.175589561462402,0.0,-76.02,-121.06,autopilot,False,False,False
750,16.198625326156616,0.0,-76.02,-121.06,autopilot,False,False,False
751,16.223119258880615,0.0,-76.02,-121.06,autopilot,False,False,False
752,16.247678995132446,0.0,-76.02,-121.06,autopilot,False,False,False
753,16.270866632461548,0.0,-76.02,-121.06,autopilot,False,False,False
754,16.29409122467041,0.0,-76.02,-121.06,autopilot,False,False,False
755,16.317507028579712,0.0,-76.02,-121.06,autopilot,False,False,False
756,16.340787649154663,0.0,-76.02,-121.06,autopilot,False,False,False
757,16.363633155822754,0.0,-76.02,-121.06,autopilot,False,False,False
758,16.386317491531372,0.0,-76.02,-121.06,autopilot,False,False,False
759,16.40870189666748,0.0,-76.02,-121.06,autopilot,False,False,False
760,16.431148290634155,0.0,-76.02,-121.06,autopilot,False,False,False
761,16.45453405380249,0.0,-76.02,-121.06,autopilot,False,False,False
762,16.477256536483765,0.0,-76.02,-121.06,autopilot,False,False,False
763,16.501060009002686,0.0,-76.02,-121.06,autopilot,False,False,False
764,16.524240493774414,0.0,-76.02,-121.06,autopilot,False,False,False
765,16.547563552856445,0.0,-76.02,-121.06,autopilot,False,False,False
766,16.571991682052612,0.0,-76.02,-121.06,autopilot,False,False,False
767,16.59258532524109,0.0,-76.02,-121.06,autopilot,False,False,False
768,16.612874031066895,0.0,-76.02,-121.06,autopilot,False,False,False
769,16.637478351593018,0.0,-76.02,-121.06,autopilot,False,False,False
770,16.661025047302246,0.0,-76.02,-121.06,autopilot,False,False,False
771,16.684242486953735,0.0,-76.02,-121.06,autopilot,False,False,False
772,16.70740270614624,0.0,-76.02,-121.06,autopilot,False,False,False
773,16.731088876724243,0.0,-76.02,-121.06,autopilot,False,False,False
774,16.75373911857605,0.0,-76.02,-121.06,autopilot,False,False,False
775,16.77891731262207,0.0,-76.02,-121.06,autopilot,False,False,False
776,16.799546718597412,0.0,-76.02,-121.06,autopilot,False,False,False
777,16.824172735214233,0.0,-76.02,-121.06,autopilot,False,False,False
778,16.849106073379517,0.0,-76.02,-121.06,autopilot,False,False,False
779,16.87357234954834,0.0,-76.02,-121.06,autopilot,False,False,False
780,16.897568941116333,0.0,-76.02,-121.06,autopilot,False,False,False
781,16.920713424682617,0.0,-76.02,-121.06,autopilot,False,False,False
782,16.94398331642151,0.0,-76.02,-121.06,autopilot,False,False,False
783,16.96687626838684,0.0,-76.02,-121.06,autopilot,False,False,False
784,16.991170167922974,0.0,-76.02,-121.06,autopilot,False,False,False
785,17.015634536743164,0.0,-76.02,-121.06,autopilot,False,False,False
786,17.038990020751953,0.0,-76.02,-121.06,autopilot,False,False,False
787,17.061702489852905,0.0,-76.02,-121.06,autopilot,False,False,False
788,17.0854434967041,0.0,-76.02,-121.06,autopilot,False,False,False
789,17.108484745025635,0.0,-76.02,-121.06,autopilot,False,False,False
790,17.131791830062866,0.0,-76.02,-121.06,autopilot,False,False,False
791,17.154892683029175,0.0,-76.02,-121.06,autopilot,False,False,False
792,17.177555084228516,0.0,-76.02,-121.06,autopilot,False,False,False
793,17.201011896133423,0.0,-76.02,-121.06,autopilot,False,False,False
794,17.225280284881592,0.0,-76.02,-121.06,autopilot,False,False,False
795,17.249133110046387,0.0,-76.02,-121.06,autopilot,False,False,False
796,17.273022651672363,0.0,-76.02,-121.06,autopilot,False,False,False
797,17.295992612838745,0.0,-76.02,-121.06,autopilot,False,False,False
798,17.31863570213318,0.0,-76.02,-121.06,autopilot,False,False,False
799,17.341097116470337,0.0,-76.02,-121.06,autopilot,False,False,False
800,17.364803552627563,0.0,-76.02,-121.06,autopilot,False,False,False
801,17.38818860054016,0.0,-76.02,-121.06,autopilot,False,False,False
802,17.41091012954712,0.0,-76.02,-121.06,autopilot,False,False,False
803,17.434281587600708,0.0,-76.02,-121.06,autopilot,False,False,False
804,17.45828151702881,0.0,-76.02,-121.06,autopilot,False,False,False
805,17.48093032836914,0.0,-76.02,-121.06,autopilot,False,False,False
806,17.50150990486145,0.0,-76.02,-121.06,autopilot,False,False,False
807,17.524423360824585,0.0,-76.02,-121.06,autopilot,False,False,False
808,17.547442197799683,0.0,-76.02,-121.06,autopilot,False,False,False
809,17.570709466934204,0.0,-76.02,-121.06,autopilot,False,False,False
810,17.59521174430847,0.0,-76.02,-121.06,autopilot,False,False,False
811,17.618821620941162,0.0,-76.02,-121.06,autopilot,False,False,False
812,17.6427903175354,0.0,-76.02,-121.06,autopilot,False,False,False
813,17.666472911834717,0.0,-76.02,-121.06,autopilot,False,False,False
814,17.69124722480774,0.0,-76.02,-121.06,autopilot,False,False,False
815,17.716171264648438,0.0,-76.02,-121.06,autopilot,False,False,False
816,17.736724853515625,0.0,-76.02,-121.06,autopilot,False,False,False
817,17.757330894470215,0.0,-76.02,-121.06,autopilot,False,False,False
818,17.78273296356201,0.0,-76.02,-121.06,autopilot,False,False,False
819,17.807210206985474,0.0,-76.02,-121.06,autopilot,False,False,False
820,17.83121943473816,0.0,-76.02,-121.06,autopilot,False,False,False
821,17.8558931350708,0.0,-76.02,-121.06,autopilot,False,False,False
822,17.87884783744812,0.0,-76.02,-121.06,autopilot,False,False,False
823,17.901395320892334,0.0,-76.02,-121.06,autopilot,False,False,False
824,17.924289226531982,0.0,-76.02,-121.06,autopilot,False,False,False
825,17.94709539413452,0.0,-76.02,-121.06,autopilot,False,False,False
826,17.96971106529236,0.0,-76.02,-121.06,autopilot,False,False,False
827,17.993343591690063,0.0,-76.02,-121.06,autopilot,False,False,False
828,18.017066717147827,0.0,-76.02,-121.06,autopilot,False,False,False
829,18.04055428504944,0.0,-76.02,-121.06,autopilot,False,False,False
830,18.063512802124023,0.0,-76.02,-121.06,autopilot,False,False,False
831,18.08570694923401,0.0,-76.02,-121.06,autopilot,False,False,False
832,18.109005451202393,0.0,-76.02,-121.06,autopilot,False,False,False
833,18.132378816604614,0.0,-76.02,-121.06,autopilot,False,False,False
834,18.155612468719482,0.0,-76.02,-121.06,autopilot,False,False,False
835,18.17835831642151,0.0,-76.02,-121.06,autopilot,False,False,False
836,18.20207405090332,0.0,-76.02,-121.06,autopilot,False,False,False
837,18.2258882522583,0.0,-76.02,-121.06,autopilot,False,False,False
838,18.24612331390381,0.0,-76.02,-121.06,autopilot,False,False,False
839,18.267016887664795,0.0,-76.02,-121.06,autopilot,False,False,False
840,18.287829160690308,0.0,-76.02,-121.06,autopilot,False,False,False
841,18.31199336051941,0.0,-76.02,-121.06,autopilot,False,False,False
842,18.33612871170044,0.0,-76.02,-121.06,autopilot,False,False,False
843,18.35944437980652,0.0,-76.02,-121.06,autopilot,False,False,False
844,18.3838107585907,0.0,-76.02,-121.06,autopilot,False,False,False
845,18.407365083694458,0.0,-76.02,-121.06,autopilot,False,False,False
846,18.430748462677002,0.0,-76.02,-121.06,autopilot,False,False,False
847,18.45418405532837,0.0,-76.02,-121.06,autopilot,False,False,False
848,18.47873544692993,0.0,-76.02,-121.06,autopilot,False,False,False
849,18.503000497817993,0.0,-76.02,-121.06,autopilot,False,False,False
850,18.52739977836609,0.0,-76.02,-121.06,autopilot,False,False,False
851,18.550906896591187,0.0,-76.02,-121.06,autopilot,False,False,False
852,18.573874950408936,0.0,-76.02,-121.06,autopilot,False,False,False
853,18.598419189453125,0.0,-76.02,-121.06,autopilot,False,False,False
854,18.621992588043213,0.0,-76.02,-121.06,autopilot,False,False,False
855,18.646451473236084,0.0,-76.02,-121.06,autopilot,False,False,False
856,18.670809268951416,0.0,-76.02,-121.06,autopilot,False,False,False
857,18.69490885734558,0.0,-76.02,-121.06,autopilot,False,False,False
858,18.718306303024292,0.0,-76.02,-121.06,autopilot,False,False,False
859,18.74231219291687,0.0,-76.02,-121.06,autopilot,False,False,False
860,18.76419234275818,0.0,-76.02,-121.06,autopilot,False,False,False
861,18.785136461257935,0.0,-76.02,-121.06,autopilot,False,False,False
862,18.808698654174805,0.0,-76.02,-121.06,autopilot,False,False,False
863,18.832391262054443,0.0,-76.02,-121.06,autopilot,False,False,False
864,18.855434894561768,0.0,-76.02,-121.06,autopilot,False,False,False
865,18.877643823623657,0.0,-76.02,-121.06,autopilot,False,False,False
866,18.900288820266724,0.0,-76.02,-121.06,autopilot,False,False,False
867,18.924248695373535,0.0,-76.02,-121.06,autopilot,False,False,False
868,18.94798231124878,0.0,-76.02,-121.06,autopilot,False,False,False
869,18.97113847732544,0.0,-76.02,-121.06,autopilot,False,False,False
870,18.99431324005127,0.0,-76.02,-121.06,autopilot,False,False,False
871,19.017001390457153,0.0,-76.02,-121.06,autopilot,False,False,False
872,19.04061245918274,0.0,-76.02,-121.06,autopilot,False,False,False
873,19.063948392868042,0.0,-76.02,-121.06,autopilot,False,False,False
874,19.08682942390442,0.0,-76.02,-121.06,autopilot,False,False,False
875,19.1111056804657,0.0,-76.02,-121.06,autopilot,False,False,False
876,19.134127140045166,0.0,-76.02,-121.06,autopilot,False,False,False
877,19.158194065093994,0.0,-76.02,-121.06,autopilot,False,False,False
878,19.181593656539917,0.0,-76.02,-121.06,autopilot,False,False,False
879,19.206507921218872,0.0,-76.02,-121.06,autopilot,False,False,False
880,19.228073358535767,0.0,-76.02,-121.06,autopilot,False,False,False
881,19.253500938415527,0.0,-76.02,-121.06,autopilot,False,False,False
882,19.277199029922485,0.0,-76.02,-121.06,autopilot,False,False,False
883,19.301042556762695,0.0,-76.02,-121.06,autopilot,False,False,False
884,19.32509469985962,0.0,-76.02,-121.06,autopilot,False,False,False
885,19.348361253738403,0.0,-76.02,-121.06,autopilot,False,False,False
886,19.37257194519043,0.0,-76.02,-121.06,autopilot,False,False,False
887,19.395676374435425,0.0,-76.02,-121.06,autopilot,False,False,False
888,19.41865372657776,0.0,-76.02,-121.06,autopilot,False,False,False
889,19.44129204750061,0.0,-76.02,-121.06,autopilot,False,False,False
890,19.46440553665161,0.0,-76.02,-121.06,autopilot,False,False,False
891,19.489156246185303,0.0,-76.02,-121.06,autopilot,False,False,False
892,19.512492895126343,0.0,-76.02,-121.06,autopilot,False,False,False
893,19.53550958633423,0.0,-76.02,-121.06,autopilot,False,False,False
894,19.558898210525513,0.0,-76.02,-121.06,autopilot,False,False,False
895,19.581679821014404,0.0,-76.02,-121.06,autopilot,False,False,False
896,19.606455087661743,0.0,-76.02,-121.06,autopilot,False,False,False
897,19.631151914596558,0.0,-76.02,-121.06,autopilot,False,False,False
898,19.655587196350098,0.0,-76.02,-121.06,autopilot,False,False,False
899,19.679054498672485,0.0,-76.02,-121.06,autopilot,False,False,False
900,19.703235149383545,0.0,-76.02,-121.06,autopilot,False,False,False
901,19.727993965148926,0.0,-76.02,-121.06,autopilot,False,False,False
902,19.75207209587097,0.0,-76.02,-121.06,autopilot,False,False,False
903,19.773914575576782,0.0,-76.02,-121.06,autopilot,False,False,False
904,19.79899001121521,0.0,-76.02,-121.06,autopilot,False,False,False
905,19.824039459228516,0.0,-76.02,-121.06,autopilot,False,False,False
906,19.84715247154236,0.0,-76.02,-121.06,autopilot,False,False,False
907,19.870614290237427,0.0,-76.02,-121.06,autopilot,False,False,False
908,19.894338607788086,0.0,-76.02,-121.06,autopilot,False,False,False
909,19.91838788986206,0.0,-76.02,-121.06,autopilot,False,False,False
910,19.942636489868164,0.0,-76.02,-121.06,autopilot,False,False,False
911,19.966743230819702,0.0,-76.02,-121.06,autopilot,False,False,False
912,19.990004777908325,0.0,-76.02,-121.06,manual,False,False,True
913,20.01306128501892,0.0,-76.02,-121.06,pure_pursuit,False,False,True
914,20.036258220672607,0.0,-76.02,-121.06,pure_pursuit,False,False,True
915,20.059975385665894,0.0,-76.02,-121.06,pure_pursuit,False,False,True
916,20.084156274795532,0.0,-76.02,-121.06,pure_pursuit,False,False,True
917,20.10841703414917,0.0,-76.02,-121.06,pure_pursuit,False,False,True
918,20.131649494171143,0.03,-76.02,-121.06,pure_pursuit,False,False,True
919,20.154706716537476,0.02,-76.02,-121.06,pure_pursuit,False,False,True
920,20.179917812347412,0.06,-76.02,-121.06,pure_pursuit,False,False,True
921,20.20359206199646,0.06,-76.02,-121.06,pure_pursuit,False,False,True
922,20.226887464523315,0.1,-76.02,-121.06,pure_pursuit,False,False,True
923,20.251570224761963,0.11,-76.01,-121.06,pure_pursuit,False,False,True
924,20.27692151069641,0.14,-76.01,-121.07,pure_pursuit,False,False,True
925,20.301122903823853,0.17,-76.01,-121.07,pure_pursuit,False,False,True
926,20.324501752853394,0.2,-76.01,-121.07,pure_pursuit,False,False,True
927,20.34746766090393,0.22,-76.01,-121.08,pure_pursuit,False,False,True
928,20.371643543243408,0.25,-76.01,-121.08,pure_pursuit,False,False,True
929,20.394884824752808,0.28,-76.01,-121.09,pure_pursuit,False,False,True
930,20.41721796989441,0.3,-76.01,-121.1,pure_pursuit,False,False,True
931,20.440967082977295,0.34,-76.01,-121.1,pure_pursuit,False,False,True
932,20.46415114402771,0.36,-76.01,-121.11,pure_pursuit,False,False,True
933,20.487427949905396,0.39,-76.01,-121.12,pure_pursuit,False,False,True
934,20.51074767112732,0.41,-76.01,-121.13,pure_pursuit,False,False,True
935,20.53319501876831,0.44,-76.01,-121.14,pure_pursuit,False,False,True
936,20.556263208389282,0.47,-76.0,-121.15,pure_pursuit,False,False,True
937,20.578816175460815,0.49,-76.0,-121.16,pure_pursuit,False,False,True
938,20.600082397460938,0.52,-76.0,-121.17,pure_pursuit,False,False,True
939,20.622470378875732,0.54,-76.0,-121.18,pure_pursuit,False,False,True
940,20.644700050354004,0.56,-76.0,-121.19,pure_pursuit,False,False,True
941,20.666383028030396,0.59,-76.0,-121.2,pure_pursuit,False,False,True
942,20.688998222351074,0.61,-76.0,-121.21,pure_pursuit,False,False,True
943,20.710240602493286,0.63,-76.0,-121.22,pure_pursuit,False,False,True
944,20.73210048675537,0.65,-76.0,-121.24,pure_pursuit,False,False,True
945,20.755439519882202,0.67,-76.0,-121.25,pure_pursuit,False,False,True
946,20.777920484542847,0.69,-76.0,-121.26,pure_pursuit,False,False,True
947,20.800344228744507,0.72,-76.0,-121.28,pure_pursuit,False,False,True
948,20.822160482406616,0.74,-76.0,-121.29,pure_pursuit,False,False,True
949,20.8437442779541,0.76,-75.99,-121.31,pure_pursuit,False,False,True
950,20.86516571044922,0.78,-75.99,-121.32,pure_pursuit,False,False,True
951,20.887369632720947,0.8,-75.99,-121.34,pure_pursuit,False,False,True
952,20.907997131347656,0.82,-75.99,-121.36,pure_pursuit,False,False,True
953,20.928707599639893,0.84,-75.99,-121.37,pure_pursuit,False,False,True
954,20.95304226875305,0.86,-75.99,-121.39,pure_pursuit,False,False,True
955,20.97349762916565,0.88,-75.99,-121.41,pure_pursuit,False,False,True
956,20.996978282928467,0.9,-75.99,-121.43,pure_pursuit,False,False,True
957,21.019834756851196,0.92,-75.99,-121.45,pure_pursuit,False,True,True
958,21.042386054992676,0.94,-76.0,-121.46,pure_pursuit,False,False,True
959,21.06507635116577,0.96,-76.0,-121.48,pure_pursuit,False,False,True
960,21.08849334716797,0.98,-76.0,-121.5,pure_pursuit,False,False,True
961,21.11124610900879,1.0,-76.0,-121.53,pure_pursuit,False,False,True
962,21.132567405700684,1.02,-76.0,-121.55,pure_pursuit,False,False,True
963,21.153931856155396,1.03,-76.0,-121.57,pure_pursuit,False,False,True
964,21.175869464874268,1.05,-76.0,-121.59,pure_pursuit,False,False,True
965,21.198644399642944,1.07,-76.0,-121.61,pure_pursuit,False,False,True
966,21.219865560531616,1.09,-76.01,-121.63,pure_pursuit,False,False,True
967,21.240894317626953,1.11,-76.01,-121.65,pure_pursuit,False,False,True
968,21.261871337890625,1.12,-76.01,-121.67,pure_pursuit,False,False,True
969,21.283525228500366,1.14,-76.01,-121.69,pure_pursuit,False,False,True
970,21.305687189102173,1.16,-76.02,-121.72,pure_pursuit,False,False,True
971,21.3263840675354,1.18,-76.02,-121.74,pure_pursuit,False,False,True
972,21.347790479660034,1.19,-76.02,-121.76,pure_pursuit,False,False,True
973,21.371018886566162,0.02,-76.02,-121.77,pure_pursuit,True,False,True
974,21.393657445907593,0.01,-76.02,-121.77,pure_pursuit,False,False,True
975,21.41472291946411,0.01,-76.02,-121.77,pure_pursuit,False,False,True
976,21.438852548599243,0.0,-76.02,-121.77,pure_pursuit,False,False,True
977,21.46239399909973,0.01,-76.02,-121.77,pure_pursuit,False,False,True
978,21.485715627670288,0.01,-76.02,-121.77,pure_pursuit,False,False,True
979,21.50649905204773,0.01,-76.02,-121.77,pure_pursuit,False,False,True
980,21.527447938919067,0.01,-76.02,-121.77,pure_pursuit,False,False,True
981,21.550984382629395,0.01,-76.02,-121.77,pure_pursuit,False,False,True
982,21.574443101882935,0.01,-76.02,-121.77,pure_pursuit,False,False,True
983,21.59713077545166,0.01,-76.02,-121.77,pure_pursuit,False,False,True
984,21.61749577522278,0.01,-76.02,-121.77,pure_pursuit,False,False,True
985,21.638097047805786,0.01,-76.02,-121.77,pure_pursuit,False,False,True
986,21.658862113952637,0.01,-76.02,-121.77,pure_pursuit,False,False,True
987,21.681968927383423,0.01,-76.02,-121.77,pure_pursuit,False,False,True
988,21.705330848693848,0.01,-76.02,-121.77,pure_pursuit,False,False,True
989,21.72580909729004,0.01,-76.02,-121.77,pure_pursuit,False,False,True
990,21.746689796447754,0.01,-76.02,-121.77,pure_pursuit,False,False,True
991,21.772292613983154,0.01,-76.02,-121.77,pure_pursuit,False,False,True
992,21.795830011367798,0.01,-76.02,-121.77,pure_pursuit,False,False,True
993,21.817802667617798,0.01,-76.02,-121.77,pure_pursuit,False,False,True
994,21.84093713760376,0.01,-76.02,-121.77,pure_pursuit,False,False,True
995,21.862946271896362,0.01,-76.02,-121.77,pure_pursuit,False,False,True
996,21.8869469165802,0.0,-76.02,-121.77,pure_pursuit,False,False,True
997,21.910337924957275,0.0,-76.02,-121.77,pure_pursuit,False,False,True
998,21.93095588684082,0.01,-76.02,-121.77,pure_pursuit,False,False,True
999,21.95313310623169,0.01,-76.02,-121.77,pure_pursuit,False,False,True
1000,21.973785638809204,0.0,-76.02,-121.77,pure_pursuit,False,False,True
1001,21.99467897415161,0.01,-76.02,-121.77,pure_pursuit,False,False,True
1002,22.017938137054443,0.01,-76.02,-121.77,pure_pursuit,False,False,True
1003,22.041454792022705,0.0,-76.02,-121.77,pure_pursuit,False,False,True
1004,22.064327001571655,0.0,-76.02,-121.77,pure_pursuit,False,False,True
1005,22.084773063659668,0.01,-76.02,-121.77,pure_pursuit,False,False,True
1006,22.10600781440735,0.0,-76.02,-121.77,pure_pursuit,False,False,True
1007,22.126766204833984,0.01,-76.02,-121.77,pure_pursuit,False,False,True
1008,22.147472620010376,0.0,-76.02,-121.77,pure_pursuit,False,False,True
1009,22.168116092681885,0.0,-76.02,-121.77,pure_pursuit,False,False,True
1010,22.189239978790283,0.01,-76.02,-121.77,pure_pursuit,False,False,True
1011,22.210466384887695,0.0,-76.02,-121.77,pure_pursuit,False,False,True
1012,22.231963396072388,0.0,-76.02,-121.77,pure_pursuit,False,False,True
1013,22.25271701812744,0.01,-76.02,-121.77,pure_pursuit,False,False,True
1014,22.273147106170654,0.0,-76.02,-121.77,pure_pursuit,False,False,True
1015,22.294487953186035,0.01,-76.02,-121.77,pure_pursuit,False,False,True
1016,22.31826090812683,0.0,-76.02,-121.77,pure_pursuit,False,False,True
1017,22.339115858078003,0.01,-76.02,-121.77,pure_pursuit,False,False,True
1018,22.359540700912476,0.01,-76.02,-121.77,pure_pursuit,False,False,True
1019,22.382681369781494,0.01,-76.02,-121.77,pure_pursuit,False,False,True
1020,22.406443119049072,0.0,-76.02,-121.77,pure_pursuit,False,False,True
1021,22.429545640945435,0.01,-76.02,-121.77,pure_pursuit,False,False,True
1022,22.452559232711792,0.0,-76.02,-121.77,pure_pursuit,False,False,True
1023,22.47528648376465,0.0,-76.02,-121.77,pure_pursuit,False,False,True
1024,22.49685001373291,0.01,-76.02,-121.77,pure_pursuit,False,False,True
1025,22.51841902732849,0.01,-76.02,-121.77,pure_pursuit,False,False,True
1026,22.53965401649475,0.01,-76.02,-121.77,pure_pursuit,False,False,True
1027,22.560200929641724,0.0,-76.02,-121.77,pure_pursuit,False,False,True
1028,22.58081841468811,0.01,-76.02,-121.77,pure_pursuit,False,False,True
1029,22.603776931762695,0.0,-76.02,-121.77,pure_pursuit,False,False,True
1030,22.62454342842102,0.0,-76.02,-121.77,pure_pursuit,False,False,True
1031,22.647559881210327,0.0,-76.02,-121.77,pure_pursuit,False,False,True
1032,22.67024040222168,0.0,-76.02,-121.77,pure_pursuit,False,False,True
1033,22.693729877471924,0.01,-76.02,-121.77,pure_pursuit,False,False,True
1034,22.717191696166992,0.0,-76.02,-121.77,pure_pursuit,False,False,True
1035,22.740824460983276,0.01,-76.02,-121.77,pure_pursuit,False,False,True
1036,22.7628755569458,0.01,-76.02,-121.77,pure_pursuit,False,False,True
1037,22.785180807113647,0.0,-76.02,-121.77,pure_pursuit,False,False,True
1038,22.805725812911987,0.01,-76.02,-121.77,pure_pursuit,False,False,True
1039,22.826536893844604,0.01,-76.02,-121.77,pure_pursuit,False,False,True
1040,22.84773302078247,0.01,-76.02,-121.77,pure_pursuit,False,False,True
1041,22.870614767074585,0.0,-76.02,-121.77,pure_pursuit,False,False,True
1042,22.89398217201233,0.01,-76.02,-121.77,pure_pursuit,False,False,True
1043,22.914530038833618,0.01,-76.02,-121.77,pure_pursuit,False,False,True
1044,22.935211420059204,0.01,-76.02,-121.77,pure_pursuit,False,False,True
1045,22.958471536636353,0.01,-76.02,-121.77,pure_pursuit,False,False,True
1046,22.981698274612427,0.01,-76.02,-121.77,pure_pursuit,False,False,True
1047,23.004857778549194,0.01,-76.02,-121.77,pure_pursuit,False,False,True
1048,23.02685570716858,0.0,-76.02,-121.77,pure_pursuit,False,False,True
1049,23.04881763458252,0.0,-76.02,-121.77,pure_pursuit,False,False,True
1050,23.071736812591553,0.0,-76.02,-121.77,pure_pursuit,False,False,True
1051,23.0922749042511,0.0,-76.02,-121.77,pure_pursuit,False,False,True
1052,23.116117238998413,0.0,-76.02,-121.77,pure_pursuit,False,False,True
1053,23.139274835586548,0.0,-76.02,-121.77,pure_pursuit,False,False,True
1054,23.16199278831482,0.0,-76.02,-121.77,pure_pursuit,False,False,True
1055,23.185060024261475,0.0,-76.02,-121.77,pure_pursuit,False,False,True
1056,23.205485582351685,0.0,-76.02,-121.77,pure_pursuit,False,False,True
1057,23.226032495498657,0.0,-76.02,-121.77,pure_pursuit,False,False,True
1058,23.249414920806885,0.01,-76.02,-121.77,pure_pursuit,False,False,True
1059,23.272687911987305,0.0,-76.02,-121.77,pure_pursuit,False,False,True
1060,23.293732404708862,0.0,-76.02,-121.77,pure_pursuit,False,False,True
1061,23.31926155090332,0.01,-76.02,-121.77,pure_pursuit,False,False,True
1062,23.33985424041748,0.0,-76.01,-121.77,pure_pursuit,False,False,True
1063,23.363483905792236,0.0,-76.01,-121.77,pure_pursuit,False,False,True
1064,23.386311531066895,0.0,-76.01,-121.77,pure_pursuit,False,False,True
1065,23.4070827960968,0.01,-76.01,-121.77,pure_pursuit,False,False,True
1066,23.427821397781372,0.0,-76.01,-121.77,pure_pursuit,False,False,True
1067,23.45076036453247,0.0,-76.01,-121.77,pure_pursuit,False,False,True
1068,23.47410297393799,0.0,-76.01,-121.77,pure_pursuit,False,False,True
1069,23.49728298187256,0.0,-76.01,-121.77,pure_pursuit,False,False,True
1070,23.520944833755493,0.0,-76.01,-121.77,pure_pursuit,False,False,True
1071,23.541675090789795,0.0,-76.01,-121.77,pure_pursuit,False,False,True
1072,23.56230068206787,0.0,-76.01,-121.77,pure_pursuit,False,False,True
1073,23.58510732650757,0.0,-76.01,-121.77,pure_pursuit,False,False,True
1074,23.608613967895508,0.0,-76.01,-121.77,pure_pursuit,False,False,True
1075,23.632158994674683,0.01,-76.01,-121.77,pure_pursuit,False,False,True
1076,23.652763605117798,0.0,-76.01,-121.77,pure_pursuit,False,False,True
1077,23.67580556869507,0.01,-76.01,-121.77,pure_pursuit,False,False,True
1078,23.69867253303528,0.0,-76.01,-121.77,pure_pursuit,False,False,True
1079,23.7214834690094,0.0,-76.01,-121.77,pure_pursuit,False,False,True
1080,23.742212533950806,0.0,-76.01,-121.77,pure_pursuit,False,False,True
1081,23.765063762664795,0.0,-76.01,-121.77,pure_pursuit,False,False,True
1082,23.786535263061523,0.0,-76.01,-121.77,pure_pursuit,False,False,True
1083,23.80767321586609,0.0,-76.01,-121.77,pure_pursuit,False,False,True
1084,23.830851793289185,0.01,-76.01,-121.77,pure_pursuit,False,False,True
1085,23.85456371307373,0.0,-76.01,-121.77,pure_pursuit,False,False,True
1086,23.87514352798462,0.0,-76.01,-121.77,pure_pursuit,False,False,True
1087,23.895944833755493,0.0,-76.01,-121.77,pure_pursuit,False,False,True
1088,23.916758060455322,0.0,-76.01,-121.77,pure_pursuit,False,False,True
1089,23.937867403030396,0.0,-76.01,-121.77,pure_pursuit,False,False,True
1090,23.959163188934326,0.0,-76.01,-121.77,pure_pursuit,False,False,True
1091,23.979867935180664,0.0,-76.01,-121.77,pure_pursuit,False,False,True
1092,24.00356674194336,0.01,-76.01,-121.77,pure_pursuit,False,False,True
1093,24.027093172073364,0.0,-76.01,-121.77,pure_pursuit,False,False,True
1094,24.05056667327881,0.01,-76.01,-121.77,pure_pursuit,False,False,True
1095,24.071299076080322,0.01,-76.01,-121.77,pure_pursuit,False,False,True
1096,24.09352445602417,0.0,-76.01,-121.77,pure_pursuit,False,False,True
1097,24.115389108657837,0.01,-76.01,-121.77,pure_pursuit,False,False,True
1098,24.138553380966187,0.01,-76.01,-121.77,pure_pursuit,False,False,True
1099,24.161733627319336,0.0,-76.01,-121.77,pure_pursuit,False,False,True
1100,24.183281421661377,0.01,-76.01,-121.77,pure_pursuit,False,False,True
1101,24.204212188720703,0.0,-76.01,-121.77,pure_pursuit,False,False,True
1102,24.22490930557251,0.01,-76.01,-121.77,pure_pursuit,False,False,True
1103,24.246375560760498,0.01,-76.01,-121.77,pure_pursuit,False,False,True
1104,24.267497062683105,0.01,-76.01,-121.77,pure_pursuit,False,False,True
1105,24.291065216064453,0.0,-76.01,-121.77,pure_pursuit,False,False,True
1106,24.311855792999268,0.0,-76.01,-121.77,pure_pursuit,False,False,True
1107,24.33508586883545,0.01,-76.01,-121.77,pure_pursuit,False,False,True
1108,24.358617782592773,0.0,-76.01,-121.77,pure_pursuit,True,False,True
1109,24.381940126419067,0.0,-76.01,-121.77,pure_pursuit,False,False,True
1110,24.404811143875122,0.0,-76.01,-121.77,pure_pursuit,False,False,True
1111,24.425333499908447,0.01,-76.01,-121.77,pure_pursuit,False,False,True
1112,24.448545455932617,0.0,-76.01,-121.77,pure_pursuit,False,False,True
1113,24.47168755531311,0.0,-76.01,-121.77,pure_pursuit,False,False,True
1114,24.49539804458618,0.0,-76.01,-121.77,pure_pursuit,False,False,True
1115,24.516176462173462,0.0,-76.01,-121.77,pure_pursuit,False,False,True
1116,24.536866426467896,0.0,-76.01,-121.77,pure_pursuit,False,False,True
1117,24.558177947998047,0.0,-76.01,-121.77,pure_pursuit,False,False,True
1118,24.581207513809204,0.01,-76.01,-121.77,pure_pursuit,False,False,True
1119,24.601694583892822,0.0,-76.01,-121.77,pure_pursuit,False,False,True
1120,24.622657299041748,0.01,-76.01,-121.77,pure_pursuit,False,False,True
1121,24.644107818603516,0.01,-76.01,-121.77,pure_pursuit,False,False,True
1122,24.665293216705322,0.01,-76.01,-121.77,pure_pursuit,False,False,True
1123,24.686468601226807,0.01,-76.01,-121.77,pure_pursuit,False,False,True
1124,24.711153507232666,0.0,-76.01,-121.77,pure_pursuit,False,False,True
1125,24.73432230949402,0.01,-76.01,-121.77,pure_pursuit,False,False,True
1126,24.75627374649048,0.0,-76.01,-121.77,pure_pursuit,False,False,True
1127,24.77765417098999,0.01,-76.01,-121.77,pure_pursuit,False,False,True
1128,24.79816722869873,0.01,-76.01,-121.77,pure_pursuit,False,False,True
1129,24.81909155845642,0.01,-76.01,-121.77,pure_pursuit,False,False,True
1130,24.83959197998047,0.01,-76.01,-121.77,pure_pursuit,False,False,True
1131,24.86042857170105,0.0,-76.01,-121.77,pure_pursuit,False,False,True
1132,24.881345510482788,0.01,-76.01,-121.77,pure_pursuit,False,False,True
1133,24.90181803703308,0.0,-76.01,-121.77,pure_pursuit,False,False,True
1134,24.922301530838013,0.0,-76.01,-121.77,pure_pursuit,False,False,True
1135,24.943227767944336,0.01,-76.01,-121.77,pure_pursuit,False,False,True
1136,24.964407682418823,0.01,-76.01,-121.77,pure_pursuit,False,False,True
1137,24.985458612442017,0.01,-76.01,-121.77,pure_pursuit,False,False,True
1138,25.006037950515747,0.0,-76.01,-121.77,pure_pursuit,False,False,True
1139,25.02654242515564,0.0,-76.01,-121.77,pure_pursuit,False,False,True
1140,25.050259828567505,0.0,-76.01,-121.77,pure_pursuit,False,False,True
1141,25.073574542999268,0.01,-76.01,-121.77,pure_pursuit,False,False,True
1142,25.09545588493347,0.01,-76.01,-121.77,pure_pursuit,False,False,True
1143,25.11705207824707,0.01,-76.01,-121.77,pure_pursuit,False,False,True
1144,25.138195276260376,0.01,-76.01,-121.77,pure_pursuit,False,False,True
1145,25.15977144241333,0.0,-76.01,-121.77,pure_pursuit,False,False,True
1146,25.181441068649292,0.01,-76.01,-121.77,pure_pursuit,False,False,True
1147,25.20275855064392,0.01,-76.01,-121.77,pure_pursuit,False,False,True
1148,25.223849773406982,0.01,-76.01,-121.77,pure_pursuit,False,False,True
1149,25.244423866271973,0.0,-76.01,-121.77,pure_pursuit,False,False,True
1150,25.264850854873657,0.0,-76.01,-121.77,pure_pursuit,False,False,True
1151,25.288058757781982,0.01,-76.01,-121.77,pure_pursuit,False,False,True
1152,25.308871269226074,0.01,-76.01,-121.77,pure_pursuit,False,False,True
1153,25.329542636871338,0.01,-76.01,-121.77,pure_pursuit,False,False,True
1154,25.3501079082489,0.01,-76.01,-121.77,pure_pursuit,False,False,True
1155,25.372852325439453,0.01,-76.01,-121.77,pure_pursuit,False,False,True
1156,25.395853281021118,0.01,-76.01,-121.77,pure_pursuit,False,False,True
1157,25.417078733444214,0.01,-76.01,-121.77,pure_pursuit,False,False,True
1158,25.44027829170227,0.01,-76.01,-121.77,pure_pursuit,False,False,True
1159,25.46368670463562,0.01,-76.01,-121.77,pure_pursuit,False,False,True
1160,25.485840559005737,0.01,-76.01,-121.77,pure_pursuit,False,False,True
1161,25.506581783294678,0.01,-76.01,-121.77,pure_pursuit,False,False,True
1162,25.527944087982178,0.01,-76.01,-121.77,pure_pursuit,False,False,True
1163,25.548607110977173,0.0,-76.01,-121.77,pure_pursuit,False,False,True
1164,25.569547414779663,0.0,-76.01,-121.77,pure_pursuit,False,False,True
1165,25.590606927871704,0.0,-76.01,-121.77,pure_pursuit,False,False,True
1166,25.61152172088623,0.0,-76.01,-121.77,pure_pursuit,False,False,True
1167,25.632562160491943,0.0,-76.01,-121.77,pure_pursuit,False,False,True
1168,25.655667066574097,0.01,-76.01,-121.77,pure_pursuit,False,False,True
1169,25.67870593070984,0.0,-76.01,-121.77,pure_pursuit,False,False,True
1170,25.702257871627808,0.01,-76.01,-121.77,pure_pursuit,False,False,True
1171,25.725566387176514,0.0,-76.01,-121.77,pure_pursuit,False,False,True
1172,25.746155977249146,0.0,-76.01,-121.77,pure_pursuit,False,False,True
1173,25.769726753234863,0.01,-76.01,-121.77,pure_pursuit,False,False,True
1174,25.790534496307373,0.0,-76.01,-121.77,pure_pursuit,False,False,True
1175,25.811524391174316,0.0,-76.01,-121.77,pure_pursuit,False,False,True
1176,25.834649324417114,0.0,-76.01,-121.77,pure_pursuit,False,False,True
1177,25.855117797851562,0.0,-76.0,-121.77,pure_pursuit,False,False,True
1178,25.875704050064087,0.01,-76.0,-121.77,pure_pursuit,False,False,True
1179,25.89703059196472,0.01,-76.0,-121.77,pure_pursuit,False,False,True
1180,25.920570850372314,0.0,-76.0,-121.77,pure_pursuit,False,False,True
1181,25.940955877304077,0.0,-76.0,-121.77,pure_pursuit,False,False,True
1182,25.96150040626526,0.0,-76.0,-121.77,pure_pursuit,False,False,True
1183,25.98535680770874,0.0,-76.0,-121.77,pure_pursuit,False,False,True
1184,26.005868673324585,0.0,-76.0,-121.77,pure_pursuit,False,False,True
1185,26.02628183364868,0.0,-76.0,-121.77,pure_pursuit,False,False,True
1186,26.046780347824097,0.0,-76.0,-121.77,pure_pursuit,False,False,True
1187,26.070305109024048,0.0,-76.0,-121.77,pure_pursuit,False,False,True
1188,26.091085195541382,0.0,-76.0,-121.77,pure_pursuit,False,False,True
1189,26.11406421661377,0.0,-76.0,-121.77,pure_pursuit,False,False,True
1190,26.137935400009155,0.0,-76.0,-121.77,pure_pursuit,False,False,True
1191,26.158299446105957,0.0,-76.0,-121.77,pure_pursuit,False,False,True
1192,26.178886651992798,0.0,-76.0,-121.77,pure_pursuit,False,False,True
1193,26.200090408325195,0.0,-76.0,-121.77,pure_pursuit,False,False,True
1194,26.220911264419556,0.0,-76.0,-121.77,pure_pursuit,False,False,True
1195,26.244725704193115,0.0,-76.0,-121.77,pure_pursuit,False,False,True
1196,26.26852536201477,0.0,-76.0,-121.77,pure_pursuit,False,False,True
1197,26.291860103607178,0.0,-76.0,-121.77,pure_pursuit,False,False,True
1198,26.315410137176514,0.0,-76.0,-121.77,pure_pursuit,False,False,True
1199,26.33613157272339,0.0,-76.0,-121.77,pure_pursuit,False,False,True
1200,26.359198808670044,0.0,-76.0,-121.77,pure_pursuit,False,False,True
1201,26.382174968719482,0.0,-76.0,-121.77,pure_pursuit,False,False,True
1202,26.40508270263672,0.0,-76.0,-121.77,pure_pursuit,False,False,True
1203,26.42828941345215,0.0,-76.0,-121.77,pure_pursuit,False,False,True
1204,26.451245546340942,0.0,-76.0,-121.77,pure_pursuit,False,False,True
1205,26.47377038002014,0.0,-76.0,-121.77,pure_pursuit,False,False,True
1206,26.49679207801819,0.0,-76.0,-121.77,pure_pursuit,False,False,True
1207,26.519927263259888,0.0,-76.0,-121.77,pure_pursuit,False,False,True
1208,26.54383635520935,0.0,-76.0,-121.77,pure_pursuit,False,False,True
1209,26.567445755004883,0.0,-76.0,-121.77,pure_pursuit,False,False,True
1210,26.59058928489685,0.0,-76.0,-121.77,pure_pursuit,False,False,True
1211,26.613631010055542,0.0,-76.0,-121.77,pure_pursuit,False,False,True
1212,26.636106491088867,0.0,-76.0,-121.77,pure_pursuit,False,False,True
1213,26.659834384918213,0.0,-76.0,-121.77,pure_pursuit,False,False,True
1214,26.680506467819214,0.0,-76.0,-121.77,pure_pursuit,False,False,True
1215,26.703624486923218,0.0,-76.0,-121.77,pure_pursuit,False,False,True
1216,26.72467589378357,0.0,-76.0,-121.77,pure_pursuit,False,False,True
1217,26.746835947036743,0.0,-76.0,-121.77,pure_pursuit,False,False,True
1218,26.771032333374023,0.0,-76.0,-121.77,pure_pursuit,False,False,True
1219,26.79334592819214,0.01,-76.0,-121.77,pure_pursuit,False,False,True
1220,26.816688537597656,0.0,-76.0,-121.77,pure_pursuit,False,False,True
1221,26.839794158935547,0.01,-76.0,-121.77,pure_pursuit,False,False,True
1222,26.86196732521057,0.01,-76.0,-121.77,pure_pursuit,False,False,True
1223,26.882510900497437,0.0,-76.0,-121.77,pure_pursuit,False,False,True
1224,26.906328201293945,0.01,-76.0,-121.77,pure_pursuit,False,False,True
1225,26.927199602127075,0.01,-76.0,-121.77,pure_pursuit,False,False,True
1226,26.948769330978394,0.01,-76.0,-121.77,pure_pursuit,False,False,True
1227,26.97051429748535,0.01,-76.0,-121.77,pure_pursuit,False,False,True
1228,26.99178409576416,0.01,-76.0,-121.77,pure_pursuit,False,False,True
1229,27.01263403892517,0.01,-76.0,-121.77,pure_pursuit,False,False,True
1230,27.03334879875183,0.01,-76.0,-121.77,pure_pursuit,False,False,True
1231,27.056015968322754,0.0,-76.0,-121.77,pure_pursuit,False,False,True
1232,27.079344272613525,0.01,-76.0,-121.77,pure_pursuit,False,False,True
1233,27.10054111480713,0.01,-76.0,-121.77,pure_pursuit,False,False,True
1234,27.121703624725342,0.01,-76.0,-121.77,pure_pursuit,False,False,True
1235,27.142744302749634,0.01,-76.0,-121.77,pure_pursuit,False,False,True
1236,27.163644313812256,0.01,-76.0,-121.77,pure_pursuit,False,False,True
1237,27.184480905532837,0.01,-76.0,-121.77,pure_pursuit,False,False,True
1238,27.20634388923645,0.01,-76.0,-121.77,pure_pursuit,False,False,True
1239,27.226874113082886,0.01,-76.0,-121.77,pure_pursuit,False,False,True
1240,27.25084924697876,0.0,-76.0,-121.77,pure_pursuit,False,False,True
1241,27.273972749710083,0.01,-76.0,-121.77,pure_pursuit,False,False,True
1242,27.296767711639404,0.0,-76.0,-121.77,pure_pursuit,False,False,True
1243,27.319979429244995,0.01,-76.0,-121.77,pure_pursuit,False,False,True
1244,27.342825412750244,0.0,-76.0,-121.77,pure_pursuit,False,False,True
1245,27.363571643829346,0.0,-76.0,-121.77,pure_pursuit,True,False,True
